regime,method,seed,system,sd_nmae,sd_nrmse
loso,moirai,17,building_energy,0.2533334554596388,0.4249493029383012
loso,moirai,17,hydraulic,0.11051754124506197,0.20744137958866496
loso,moirai,17,metropt,0.48126194299636343,1.1919161727147143
loso,moirai,17,pmsm,0.04650087652555826,0.13090136103530117
loso,moirai,17,steel_industry,0.47254366542581094,0.8826893487444766
loso,moirai,29,building_energy,0.2525880966246556,0.4236386713683555
loso,moirai,29,hydraulic,0.11074695437808006,0.20743315241812668
loso,moirai,29,metropt,0.4819910889686498,1.1922291790429103
loso,moirai,29,pmsm,0.04639052680460105,0.13067615806286179
loso,moirai,29,steel_industry,0.47186879989609426,0.8824788225004184
loso,moirai,43,building_energy,0.2524435636357716,0.42346278262663517
loso,moirai,43,hydraulic,0.11034860706596579,0.2072460966776926
loso,moirai,43,metropt,0.48089328253800234,1.1906405297235365
loso,moirai,43,pmsm,0.0463797182174067,0.1306067656220665
loso,moirai,43,steel_industry,0.47228112774682335,0.8830271305149363
loso,moirai,71,building_energy,0.25222912206125475,0.42355545033140685
loso,moirai,71,hydraulic,0.11027603011480092,0.20719166438839315
loso,moirai,71,metropt,0.48327988093129026,1.1912221233760794
loso,moirai,71,pmsm,0.046404718041992754,0.13063940705927998
loso,moirai,71,steel_industry,0.4720028670065536,0.8823608700735293
loso,moirai,101,building_energy,0.2526160385673579,0.42363125776781163
loso,moirai,101,hydraulic,0.11067712040227169,0.20764700193137864
loso,moirai,101,metropt,0.48074829288576426,1.1918326213032209
loso,moirai,101,pmsm,0.046347346999191234,0.13050476388781276
loso,moirai,101,steel_industry,0.47192120094377615,0.8821699574285141
loso,gaugeformer_v13,17,building_energy,0.24866852684317947,0.41788786072840794
loso,gaugeformer_v13,17,hydraulic,0.10660642161571947,0.20499603655038404
loso,gaugeformer_v13,17,metropt,0.47369159149758705,1.192267427066873
loso,gaugeformer_v13,17,pmsm,0.046019848636805784,0.12978570038521334
loso,gaugeformer_v13,17,steel_industry,0.46986377730406675,0.8863217708716828
loso,gaugeformer_v13,29,building_energy,0.24849582759120797,0.4177774966840804
loso,gaugeformer_v13,29,hydraulic,0.1068015318397183,0.20507578191314185
loso,gaugeformer_v13,29,metropt,0.47474457763917804,1.1928252884406867
loso,gaugeformer_v13,29,pmsm,0.04593366136019478,0.12965941325212985
loso,gaugeformer_v13,29,steel_industry,0.46977137705665034,0.8864957447678723
loso,gaugeformer_v13,43,building_energy,0.24866900029907063,0.41795235286038473
loso,gaugeformer_v13,43,hydraulic,0.10662137208329764,0.204994986608589
loso,gaugeformer_v13,43,metropt,0.47314385915123536,1.190974309118613
loso,gaugeformer_v13,43,pmsm,0.04591149299379241,0.1295447316314119
loso,gaugeformer_v13,43,steel_industry,0.4700619467990016,0.8866235164638592
loso,gaugeformer_v13,71,building_energy,0.2480826635159514,0.41727479366732123
loso,gaugeformer_v13,71,hydraulic,0.10653713222549183,0.20490245320366132
loso,gaugeformer_v13,71,metropt,0.4760751547023294,1.1919945191160575
loso,gaugeformer_v13,71,pmsm,0.04593900620269781,0.12961468808375326
loso,gaugeformer_v13,71,steel_industry,0.46931386224656074,0.8857631818962114
loso,gaugeformer_v13,101,building_energy,0.24839618767888585,0.41754992418314696
loso,gaugeformer_v13,101,hydraulic,0.1066515542124591,0.20492613917660105
loso,gaugeformer_v13,101,metropt,0.47316749306904343,1.1923169077106692
loso,gaugeformer_v13,101,pmsm,0.045879833378078556,0.1294869704914442
loso,gaugeformer_v13,101,steel_industry,0.4689102528900486,0.8854590958661731
loso,timer_xl,17,building_energy,0.26149240615862085,0.4154475229158138
loso,timer_xl,17,hydraulic,0.33230471578351134,0.4181831640170139
loso,timer_xl,17,metropt,0.5984678727346091,1.2145564386438836
loso,timer_xl,17,pmsm,0.05087531669366496,0.13597203974462724
loso,timer_xl,17,steel_industry,0.5510247032050561,0.8367716950845321
loso,timer_xl,29,building_energy,0.2605001982719996,0.41312952536184017
loso,timer_xl,29,hydraulic,0.2863767786705271,0.37178441280510516
loso,timer_xl,29,metropt,0.607085950665781,1.2220069163856877
loso,timer_xl,29,pmsm,0.051263718536681734,0.1370335127527918
loso,timer_xl,29,steel_industry,0.5551818158344096,0.8393890578775249
loso,timer_xl,43,building_energy,0.26214784526316526,0.4155687057240453
loso,timer_xl,43,hydraulic,0.3010532035964342,0.3841841953669487
loso,timer_xl,43,metropt,0.6296712626562072,1.2449133156153385
loso,timer_xl,43,pmsm,0.0508894077437595,0.13618146381315258
loso,timer_xl,43,steel_industry,0.547842524672163,0.8213415399938693
loso,timer_xl,71,building_energy,0.26264793100428757,0.41466926056016296
loso,timer_xl,71,hydraulic,0.3344072472389056,0.42044496028257927
loso,timer_xl,71,metropt,0.6103192208273692,1.2364895814917158
loso,timer_xl,71,pmsm,0.050721528805504616,0.13595605494608617
loso,timer_xl,71,steel_industry,0.5457995417742147,0.8312163054416819
loso,timer_xl,101,building_energy,0.2640464800200818,0.4180245840440895
loso,timer_xl,101,hydraulic,0.32365664108445813,0.4106995090459939
loso,timer_xl,101,metropt,0.6226687362458281,1.2413939102736262
loso,timer_xl,101,pmsm,0.05066060567185696,0.13566302643158995
loso,timer_xl,101,steel_industry,0.5600517452989037,0.8336683394465731
loso,timer_xl_gaugeformer,17,building_energy,0.25580261533654963,0.41767871570998943
loso,timer_xl_gaugeformer,17,hydraulic,0.21563966500335013,0.30454948894840994
loso,timer_xl_gaugeformer,17,metropt,0.5419301934841866,1.1905145222105724
loso,timer_xl_gaugeformer,17,pmsm,0.04619771103964667,0.1260999950282525
loso,timer_xl_gaugeformer,17,steel_industry,0.5138680944321881,0.8291613250146026
loso,timer_xl_gaugeformer,29,building_energy,0.25501917355613646,0.41559266384993243
loso,timer_xl_gaugeformer,29,hydraulic,0.19176880944327312,0.2806661667946259
loso,timer_xl_gaugeformer,29,metropt,0.5466911488241878,1.1933790645641427
loso,timer_xl_gaugeformer,29,pmsm,0.046325291333281095,0.12634087832528398
loso,timer_xl_gaugeformer,29,steel_industry,0.5204604367591922,0.8336322448416267
loso,timer_xl_gaugeformer,43,building_energy,0.25568257114187753,0.41694808976619524
loso,timer_xl_gaugeformer,43,hydraulic,0.19992557339891634,0.28742989712680833
loso,timer_xl_gaugeformer,43,metropt,0.5626953285591584,1.2064744106932233
loso,timer_xl_gaugeformer,43,pmsm,0.04618547686143215,0.12618335732908675
loso,timer_xl_gaugeformer,43,steel_industry,0.5144500689696343,0.8180864786537244
loso,timer_xl_gaugeformer,71,building_energy,0.25618192361495074,0.41721210438145867
loso,timer_xl_gaugeformer,71,hydraulic,0.21840915412115222,0.307690830125857
loso,timer_xl_gaugeformer,71,metropt,0.5489187338192288,1.202281609581476
loso,timer_xl_gaugeformer,71,pmsm,0.04613324177336842,0.12612105645242558
loso,timer_xl_gaugeformer,71,steel_industry,0.5115941465631034,0.8248785968776119
loso,timer_xl_gaugeformer,101,building_energy,0.25772739377390413,0.4196161550525591
loso,timer_xl_gaugeformer,101,hydraulic,0.2127758804136891,0.30300395076490794
loso,timer_xl_gaugeformer,101,metropt,0.5563076609718097,1.2039794481554493
loso,timer_xl_gaugeformer,101,pmsm,0.04608844796540958,0.12595405806605084
loso,timer_xl_gaugeformer,101,steel_industry,0.5196565445206837,0.8269382055484398
loso,unitime,17,building_energy,0.5996206697936723,0.7679642533499513
loso,unitime,17,hydraulic,0.2559981721335339,0.34271207356485833
loso,unitime,17,metropt,0.8571805244486078,1.339994668337242
loso,unitime,17,pmsm,0.09901094576157572,0.23142131487861764
loso,unitime,17,steel_industry,1.0654902644914508,1.370896805372348
loso,unitime,29,building_energy,0.6089238244741346,0.7719907352851277
loso,unitime,29,hydraulic,0.27010542680026906,0.36014999067596515
loso,unitime,29,metropt,0.8404161985500667,1.315450093988273
loso,unitime,29,pmsm,0.09981676189260964,0.2330002702964582
loso,unitime,29,steel_industry,1.0492272893758,1.382425653597922
loso,unitime,43,building_energy,0.6243165492697342,0.7944877825921544
loso,unitime,43,hydraulic,0.26769381333156594,0.344136515336658
loso,unitime,43,metropt,0.8805351091513357,1.361569356329834
loso,unitime,43,pmsm,0.10105934452109244,0.23527664147341554
loso,unitime,43,steel_industry,1.1052872115450059,1.4360967100302253
loso,unitime,71,building_energy,0.6172727573382103,0.7883790284368568
loso,unitime,71,hydraulic,0.27664349539082633,0.34846043772326984
loso,unitime,71,metropt,0.8337534131735939,1.3173089212730633
loso,unitime,71,pmsm,0.09735135510687469,0.22678415935729068
loso,unitime,71,steel_industry,1.0975265724433747,1.420479313316912
loso,unitime,101,building_energy,0.5955551297380144,0.7586213114634959
loso,unitime,101,hydraulic,0.25448639425896746,0.33320334707877775
loso,unitime,101,metropt,0.8463046254447025,1.3269316492179133
loso,unitime,101,pmsm,0.09605062408523786,0.22480795702823023
loso,unitime,101,steel_industry,1.0705699724249846,1.3893639449648507
loso,gtm,17,building_energy,0.4714650736168199,0.6540485348257191
loso,gtm,17,hydraulic,0.25400118934929283,0.31042595576607807
loso,gtm,17,metropt,0.6960534765124143,1.2144904650585524
loso,gtm,17,pmsm,0.07211570012710747,0.17539624657860017
loso,gtm,17,steel_industry,0.5058138312406558,0.8299643762115189
loso,gtm,29,building_energy,0.4344005215955278,0.6039940147076721
loso,gtm,29,hydraulic,0.24846993891890048,0.3089135823213795
loso,gtm,29,metropt,0.6591990929664311,1.1802329325208476
loso,gtm,29,pmsm,0.07301239123710634,0.17884595103038478
loso,gtm,29,steel_industry,0.5031066740056783,0.8281958757107439
loso,gtm,43,building_energy,0.48151841420989366,0.6579153566409468
loso,gtm,43,hydraulic,0.16312624313018828,0.25487065170784323
loso,gtm,43,metropt,0.6764851137924277,1.1885840060938457
loso,gtm,43,pmsm,0.07379770405717558,0.17943443181856403
loso,gtm,43,steel_industry,0.5129368791649906,0.8365336429131819
loso,gtm,71,building_energy,0.4510405229058142,0.6250004355166706
loso,gtm,71,hydraulic,0.2156760069757416,0.2867866081399133
loso,gtm,71,metropt,0.6541742723621613,1.1748918936262895
loso,gtm,71,pmsm,0.07315394870683782,0.17871226876023236
loso,gtm,71,steel_industry,0.4969224947193574,0.8259359358342195
loso,gtm,101,building_energy,0.48124654892867114,0.6612822172128865
loso,gtm,101,hydraulic,0.18588312933250686,0.2833782549804989
loso,gtm,101,metropt,0.6927398640199315,1.208995880594126
loso,gtm,101,pmsm,0.07629888471434233,0.18423605354515013
loso,gtm,101,steel_industry,0.49961355754732617,0.8184863398802186
loso,cpiri,17,building_energy,0.3242109044800464,0.4935080162491513
loso,cpiri,17,hydraulic,1.5850270884703064,1.6603111785469238
loso,cpiri,17,metropt,0.5216802931629712,1.2672909432754869
loso,cpiri,17,pmsm,0.08652063006241999,0.15873982705773573
loso,cpiri,17,steel_industry,0.6461931010715897,0.9892437345443845
loso,cpiri,29,building_energy,0.32448038273805796,0.49758827400366895
loso,cpiri,29,hydraulic,1.6434022641575556,1.7189847272235692
loso,cpiri,29,metropt,0.5298323061626603,1.2899607137413864
loso,cpiri,29,pmsm,0.08279847332936056,0.15370754801830808
loso,cpiri,29,steel_industry,0.5481542586785644,0.8762533424557561
loso,cpiri,43,building_energy,0.3236079272724183,0.49359808535075916
loso,cpiri,43,hydraulic,1.7888808389469262,1.8675098385711884
loso,cpiri,43,metropt,0.5173884883228624,1.25763937749412
loso,cpiri,43,pmsm,0.07133835636667114,0.14877453124941478
loso,cpiri,43,steel_industry,0.6723096613041586,1.0312843694263456
loso,cpiri,71,building_energy,0.32475964137250496,0.49465590779558866
loso,cpiri,71,hydraulic,1.5473720262615431,1.6229784829921354
loso,cpiri,71,metropt,0.5308077765602947,1.3011166553309061
loso,cpiri,71,pmsm,0.08936515758374364,0.16156605765159884
loso,cpiri,71,steel_industry,0.6298201075729594,0.9677275123314473
loso,cpiri,101,building_energy,0.2919327838447798,0.4532295808797747
loso,cpiri,101,hydraulic,1.4703492239699327,1.549582444294319
loso,cpiri,101,metropt,0.5368208357702348,1.2781261274744742
loso,cpiri,101,pmsm,0.08322935358087358,0.1538003526712086
loso,cpiri,101,steel_industry,0.6934884461702293,1.0282231362483272
loso,tefn,17,building_energy,0.38142624378556256,0.5369546673490343
loso,tefn,17,hydraulic,0.5574057894902227,0.61999657933922
loso,tefn,17,metropt,0.6865337262454168,1.2077314515750093
loso,tefn,17,pmsm,0.0655403267651598,0.1629496805804699
loso,tefn,17,steel_industry,0.5646032641474015,0.8605857989237903
loso,tefn,29,building_energy,0.3956835666816459,0.5490674178357382
loso,tefn,29,hydraulic,0.44389765785935414,0.5022437761246227
loso,tefn,29,metropt,0.6886008552399939,1.206986591530123
loso,tefn,29,pmsm,0.06615262696412848,0.1630614765378928
loso,tefn,29,steel_industry,0.5779557959798459,0.8639197055880494
loso,tefn,43,building_energy,0.4130679760704338,0.5657028304231195
loso,tefn,43,hydraulic,0.6612412499509472,0.7292076861621029
loso,tefn,43,metropt,0.6945441766174019,1.2145379387727242
loso,tefn,43,pmsm,0.06797529613731852,0.16682101604264588
loso,tefn,43,steel_industry,0.5781554411747035,0.8623816781162802
loso,tefn,71,building_energy,0.40975139173219594,0.5602421203420211
loso,tefn,71,hydraulic,0.6788160210845401,0.7549982159021689
loso,tefn,71,metropt,0.6721456076091632,1.2040999700318231
loso,tefn,71,pmsm,0.06531766029309845,0.16211314596873058
loso,tefn,71,steel_industry,0.5705963891488282,0.8596915529659883
loso,tefn,101,building_energy,0.41791293425621884,0.5715539476389765
loso,tefn,101,hydraulic,0.5705787892579072,0.6361927920809523
loso,tefn,101,metropt,0.6959452369740372,1.2151966635856921
loso,tefn,101,pmsm,0.06870533039508396,0.16899602851634452
loso,tefn,101,steel_industry,0.5633927832145462,0.854166543175708
loso,tggc,17,building_energy,0.5505520306084064,0.7221384197435996
loso,tggc,17,hydraulic,14.671298414644783,15.481731746978232
loso,tggc,17,metropt,1.1873460618441662,8.957804885404666
loso,tggc,17,pmsm,0.28213043529851156,0.41196746244548366
loso,tggc,17,steel_industry,0.5372248310827059,0.8194891437970515
loso,tggc,29,building_energy,0.5497593530078034,0.7216178043803525
loso,tggc,29,hydraulic,40.98308530539534,42.80100393175278
loso,tggc,29,metropt,0.9523481267922804,5.36142393058582
loso,tggc,29,pmsm,0.3483121288486019,0.41235950805102123
loso,tggc,29,steel_industry,0.7581132055567288,0.9395444113409577
loso,tggc,43,building_energy,0.8008140306897058,1.1890305624205089
loso,tggc,43,hydraulic,3.1129199988926572,3.834256651798705
loso,tggc,43,metropt,1.1123126384664304,7.697886414542867
loso,tggc,43,pmsm,0.2291821265237117,0.317552370644502
loso,tggc,43,steel_industry,0.7476768590560526,0.9707258275168453
loso,tggc,71,building_energy,1.4464086191209153,2.0586814243489404
loso,tggc,71,hydraulic,16.69624234985399,17.986307008328822
loso,tggc,71,metropt,1.181590935899645,3.958063923912763
loso,tggc,71,pmsm,0.14372850424866634,0.2116298336242264
loso,tggc,71,steel_industry,0.5298540371547495,0.8289894761129073
loso,tggc,101,building_energy,1.6406628101343208,2.5882536711361106
loso,tggc,101,hydraulic,35.23079315320991,36.61250014087971
loso,tggc,101,metropt,1.4475570728830978,6.757252355376336
loso,tggc,101,pmsm,0.24985807945742874,0.3481475386738857
loso,tggc,101,steel_industry,0.7608319397276283,0.9309633007214076
loso,gtm_gaugeformer,17,building_energy,0.3457093760220053,0.5067552231711635
loso,gtm_gaugeformer,17,hydraulic,0.19629914214511548,0.2633382628403931
loso,gtm_gaugeformer,17,metropt,0.5897790617751874,1.1808630053459108
loso,gtm_gaugeformer,17,pmsm,0.05506923082834634,0.14070716262136354
loso,gtm_gaugeformer,17,steel_industry,0.48643982338943764,0.8383948390125603
loso,gtm_gaugeformer,29,building_energy,0.33232645073410744,0.49187769177591895
loso,gtm_gaugeformer,29,hydraulic,0.20002604541813196,0.27224191745538334
loso,gtm_gaugeformer,29,metropt,0.5660519177945293,1.167311345702441
loso,gtm_gaugeformer,29,pmsm,0.055440512665716334,0.14196819354495718
loso,gtm_gaugeformer,29,steel_industry,0.4844790041340669,0.8372280984189299
loso,gtm_gaugeformer,43,building_energy,0.34802594590867664,0.5053998968834024
loso,gtm_gaugeformer,43,hydraulic,0.14153191956596686,0.23385192887424056
loso,gtm_gaugeformer,43,metropt,0.5808303000975059,1.1734138895261965
loso,gtm_gaugeformer,43,pmsm,0.055768328452355964,0.1421085423285314
loso,gtm_gaugeformer,43,steel_industry,0.4927955967984218,0.8438427784740451
loso,gtm_gaugeformer,71,building_energy,0.3366386621153873,0.4948973211246979
loso,gtm_gaugeformer,71,hydraulic,0.17868999338224617,0.25850711995688863
loso,gtm_gaugeformer,71,metropt,0.5651681619322922,1.1658435114514363
loso,gtm_gaugeformer,71,pmsm,0.05548624716472799,0.14174160656564624
loso,gtm_gaugeformer,71,steel_industry,0.48029419948835717,0.834847133189745
loso,gtm_gaugeformer,101,building_energy,0.3477660595039505,0.5068152966539116
loso,gtm_gaugeformer,101,hydraulic,0.1481465853127426,0.24148833063048222
loso,gtm_gaugeformer,101,metropt,0.5898417869094074,1.1869317771646415
loso,gtm_gaugeformer,101,pmsm,0.056726173534722195,0.14358574094501234
loso,gtm_gaugeformer,101,steel_industry,0.48203978414696635,0.8279755619389411
fewshot_0.01,moirai,17,building_energy,0.2515218338050873,0.4233166325900378
fewshot_0.01,moirai,17,hydraulic,0.11027559875198233,0.20729442933222267
fewshot_0.01,moirai,17,metropt,0.47827215857831035,1.1938067830837866
fewshot_0.01,moirai,17,pmsm,0.04632784071436763,0.1305841070030971
fewshot_0.01,moirai,17,steel_industry,0.4709978768549724,0.8821669784142744
fewshot_0.01,moirai,29,building_energy,0.2508575878793683,0.4217861667693501
fewshot_0.01,moirai,29,hydraulic,0.11056089550749237,0.2074537819781337
fewshot_0.01,moirai,29,metropt,0.47903586643069845,1.1940105861353152
fewshot_0.01,moirai,29,pmsm,0.046271815202771634,0.13048769522830475
fewshot_0.01,moirai,29,steel_industry,0.4713109317667654,0.8842353925699147
fewshot_0.01,moirai,43,building_energy,0.25051634816290674,0.42156925171474696
fewshot_0.01,moirai,43,hydraulic,0.11014432444169385,0.20707763408366164
fewshot_0.01,moirai,43,metropt,0.4779113582391331,1.1922723685226433
fewshot_0.01,moirai,43,pmsm,0.046249526193092035,0.13033860403565833
fewshot_0.01,moirai,43,steel_industry,0.47158619815352754,0.8832694890061358
fewshot_0.01,moirai,71,building_energy,0.2504314153383297,0.42145164386025663
fewshot_0.01,moirai,71,hydraulic,0.11017469581880995,0.20718005759910135
fewshot_0.01,moirai,71,metropt,0.4799984447933023,1.1927630362272033
fewshot_0.01,moirai,71,pmsm,0.04628330634630928,0.13038792699102375
fewshot_0.01,moirai,71,steel_industry,0.47159576412554494,0.8833433612300954
fewshot_0.01,moirai,101,building_energy,0.2509256552106413,0.4226068605408958
fewshot_0.01,moirai,101,hydraulic,0.11041992144864142,0.20741259822137895
fewshot_0.01,moirai,101,metropt,0.47776567841583034,1.1933290596030866
fewshot_0.01,moirai,101,pmsm,0.04623616359708586,0.13020838505608706
fewshot_0.01,moirai,101,steel_industry,0.4713739533210844,0.8823591947629403
fewshot_0.01,gaugeformer_v13,17,building_energy,0.2476841133321727,0.41736900555391476
fewshot_0.01,gaugeformer_v13,17,hydraulic,0.10634782076331967,0.20459039881597266
fewshot_0.01,gaugeformer_v13,17,metropt,0.47098311507683815,1.1940473598276011
fewshot_0.01,gaugeformer_v13,17,pmsm,0.04591215628106973,0.12970041580449512
fewshot_0.01,gaugeformer_v13,17,steel_industry,0.4684921692042893,0.8854956059619392
fewshot_0.01,gaugeformer_v13,29,building_energy,0.24741169626093035,0.41622453830121225
fewshot_0.01,gaugeformer_v13,29,hydraulic,0.10651374965141004,0.20470843504905983
fewshot_0.01,gaugeformer_v13,29,metropt,0.47211629827150936,1.1947741575673994
fewshot_0.01,gaugeformer_v13,29,pmsm,0.04584484872742408,0.12959783989108145
fewshot_0.01,gaugeformer_v13,29,steel_industry,0.46972407373517616,0.8880183315751727
fewshot_0.01,gaugeformer_v13,43,building_energy,0.24780441127441366,0.41707397885461944
fewshot_0.01,gaugeformer_v13,43,hydraulic,0.10635939318230299,0.20457920933023865
fewshot_0.01,gaugeformer_v13,43,metropt,0.47044384258343364,1.1927496017755124
fewshot_0.01,gaugeformer_v13,43,pmsm,0.04582268698915145,0.12942712341319
fewshot_0.01,gaugeformer_v13,43,steel_industry,0.4690743019259055,0.8865685386445519
fewshot_0.01,gaugeformer_v13,71,building_energy,0.24723302370397746,0.41629135151290075
fewshot_0.01,gaugeformer_v13,71,hydraulic,0.10631796481512336,0.20457751661114876
fewshot_0.01,gaugeformer_v13,71,metropt,0.47309560813007917,1.1937137664367299
fewshot_0.01,gaugeformer_v13,71,pmsm,0.045861548537497555,0.12950609163890645
fewshot_0.01,gaugeformer_v13,71,steel_industry,0.4690957465668137,0.8863646398695961
fewshot_0.01,gaugeformer_v13,101,building_energy,0.248084130582929,0.4185090834930786
fewshot_0.01,gaugeformer_v13,101,hydraulic,0.10635643034701646,0.20456739983941083
fewshot_0.01,gaugeformer_v13,101,metropt,0.4705178789284185,1.193873983542791
fewshot_0.01,gaugeformer_v13,101,pmsm,0.045816183457170846,0.12930737995490396
fewshot_0.01,gaugeformer_v13,101,steel_industry,0.4689892746708734,0.8859665738604464
fewshot_0.01,timer_xl,17,building_energy,0.24675772020566958,0.39194991490530834
fewshot_0.01,timer_xl,17,hydraulic,0.12315200106345335,0.19927449253301927
fewshot_0.01,timer_xl,17,metropt,0.49864519609257857,1.0907221770359066
fewshot_0.01,timer_xl,17,pmsm,0.046116201251122944,0.12636205577527904
fewshot_0.01,timer_xl,17,steel_industry,0.5105695182044578,0.7735859200793664
fewshot_0.01,timer_xl,29,building_energy,0.24608612746948436,0.3907479998556601
fewshot_0.01,timer_xl,29,hydraulic,0.11624479730035109,0.19285060278847854
fewshot_0.01,timer_xl,29,metropt,0.5032886470865438,1.093938371545305
fewshot_0.01,timer_xl,29,pmsm,0.04601627494096008,0.12653958919945368
fewshot_0.01,timer_xl,29,steel_industry,0.5221969986467053,0.7801532825532522
fewshot_0.01,timer_xl,43,building_energy,0.24595220957371658,0.3908210822276815
fewshot_0.01,timer_xl,43,hydraulic,0.11764899932719407,0.1930010283568593
fewshot_0.01,timer_xl,43,metropt,0.5088859967096503,1.0932599621061638
fewshot_0.01,timer_xl,43,pmsm,0.046145417025523744,0.1265621064099264
fewshot_0.01,timer_xl,43,steel_industry,0.5148889877304308,0.7733495504966675
fewshot_0.01,timer_xl,71,building_energy,0.2476746520893037,0.39241774795116324
fewshot_0.01,timer_xl,71,hydraulic,0.11998628192480719,0.19711311511739885
fewshot_0.01,timer_xl,71,metropt,0.5031320651046753,1.0952491185394426
fewshot_0.01,timer_xl,71,pmsm,0.046006529778492296,0.12627549839083818
fewshot_0.01,timer_xl,71,steel_industry,0.5087439059359952,0.77031276004341
fewshot_0.01,timer_xl,101,building_energy,0.2497625233358472,0.3954767455761355
fewshot_0.01,timer_xl,101,hydraulic,0.1183734369120762,0.19471491797177135
fewshot_0.01,timer_xl,101,metropt,0.5089340252828768,1.090340232327262
fewshot_0.01,timer_xl,101,pmsm,0.0459060304337696,0.12598251934669358
fewshot_0.01,timer_xl,101,steel_industry,0.5192030625048654,0.780279674388987
fewshot_0.01,timer_xl_gaugeformer,17,building_energy,0.24247891334927812,0.39638801382945155
fewshot_0.01,timer_xl_gaugeformer,17,hydraulic,0.10861954844698386,0.1928428376481419
fewshot_0.01,timer_xl_gaugeformer,17,metropt,0.48380926004050623,1.1117741265183814
fewshot_0.01,timer_xl_gaugeformer,17,pmsm,0.04462788252191019,0.12433680967873963
fewshot_0.01,timer_xl_gaugeformer,17,steel_industry,0.4776094703509085,0.7675743521678549
fewshot_0.01,timer_xl_gaugeformer,29,building_energy,0.24242751631092999,0.3957018061424727
fewshot_0.01,timer_xl_gaugeformer,29,hydraulic,0.10041006665897044,0.1858728330779518
fewshot_0.01,timer_xl_gaugeformer,29,metropt,0.48769513014265936,1.1171475240701396
fewshot_0.01,timer_xl_gaugeformer,29,pmsm,0.04455175616391452,0.12435736821981518
fewshot_0.01,timer_xl_gaugeformer,29,steel_industry,0.4856484761806409,0.7730272334674925
fewshot_0.01,timer_xl_gaugeformer,43,building_energy,0.24327735987118512,0.39721941704123775
fewshot_0.01,timer_xl_gaugeformer,43,hydraulic,0.10098734178590359,0.18536011885205617
fewshot_0.01,timer_xl_gaugeformer,43,metropt,0.4915703596991537,1.117304188821199
fewshot_0.01,timer_xl_gaugeformer,43,pmsm,0.04454902718075001,0.12419153711020507
fewshot_0.01,timer_xl_gaugeformer,43,steel_industry,0.48028119375460976,0.7658638512961038
fewshot_0.01,timer_xl_gaugeformer,71,building_energy,0.24374138360765457,0.3977082211450762
fewshot_0.01,timer_xl_gaugeformer,71,hydraulic,0.10467900012772965,0.19021454673789215
fewshot_0.01,timer_xl_gaugeformer,71,metropt,0.48636428568602286,1.1160177186895504
fewshot_0.01,timer_xl_gaugeformer,71,pmsm,0.04457760385555729,0.12431347562770796
fewshot_0.01,timer_xl_gaugeformer,71,steel_industry,0.47675040083737075,0.7663849460313912
fewshot_0.01,timer_xl_gaugeformer,101,building_energy,0.24536513778682115,0.399634255694903
fewshot_0.01,timer_xl_gaugeformer,101,hydraulic,0.1030688031560684,0.18855748744498954
fewshot_0.01,timer_xl_gaugeformer,101,metropt,0.4910571956120333,1.1173079856112305
fewshot_0.01,timer_xl_gaugeformer,101,pmsm,0.044488525790183954,0.1240589338531099
fewshot_0.01,timer_xl_gaugeformer,101,steel_industry,0.4843660575024028,0.7717186570383268
fewshot_0.01,unitime,17,building_energy,0.3254435080967522,0.476890667506668
fewshot_0.01,unitime,17,hydraulic,0.0769194162114006,0.13207362306744774
fewshot_0.01,unitime,17,metropt,0.5777928876771569,1.138891832170695
fewshot_0.01,unitime,17,pmsm,0.055147816592404995,0.14272128700739492
fewshot_0.01,unitime,17,steel_industry,0.5284708833128491,0.7575337595798667
fewshot_0.01,unitime,29,building_energy,0.3263808569856182,0.4721256858271264
fewshot_0.01,unitime,29,hydraulic,0.0736937096389654,0.13371536525008718
fewshot_0.01,unitime,29,metropt,0.5571955311231246,1.1420936720672734
fewshot_0.01,unitime,29,pmsm,0.053902860612771525,0.13949069025103938
fewshot_0.01,unitime,29,steel_industry,0.5247275166346613,0.7473702011582841
fewshot_0.01,unitime,43,building_energy,0.33033230292098525,0.47869891004963705
fewshot_0.01,unitime,43,hydraulic,0.0725777275489631,0.13253262140292252
fewshot_0.01,unitime,43,metropt,0.5377567815534695,1.1336404297311407
fewshot_0.01,unitime,43,pmsm,0.05510845205174614,0.1410524187895032
fewshot_0.01,unitime,43,steel_industry,0.5235991916916933,0.7545717536654462
fewshot_0.01,unitime,71,building_energy,0.31746772539189194,0.4682860238945465
fewshot_0.01,unitime,71,hydraulic,0.07395634023198516,0.13270678361574786
fewshot_0.01,unitime,71,metropt,0.5446273812543173,1.132081724547714
fewshot_0.01,unitime,71,pmsm,0.05499195806453135,0.1410998316235399
fewshot_0.01,unitime,71,steel_industry,0.5482595302810711,0.7751523011605146
fewshot_0.01,unitime,101,building_energy,0.3260292216915029,0.4774806679229581
fewshot_0.01,unitime,101,hydraulic,0.08205074896083077,0.13576815278990323
fewshot_0.01,unitime,101,metropt,0.561863917678396,1.1456952252632089
fewshot_0.01,unitime,101,pmsm,0.05298837411562946,0.13812472026728867
fewshot_0.01,unitime,101,steel_industry,0.5397219790998541,0.7597783636273194
fewshot_0.01,gtm,17,building_energy,0.3166559575668498,0.4674696584121305
fewshot_0.01,gtm,17,hydraulic,0.08066734709659135,0.14433407709031176
fewshot_0.01,gtm,17,metropt,0.5868686229359467,1.145204689636095
fewshot_0.01,gtm,17,pmsm,0.054044498478076096,0.14023304258271171
fewshot_0.01,gtm,17,steel_industry,0.5291332780495602,0.7674052686887961
fewshot_0.01,gtm,29,building_energy,0.3221981842651659,0.4773726698627707
fewshot_0.01,gtm,29,hydraulic,0.08184101573289435,0.1458393697006504
fewshot_0.01,gtm,29,metropt,0.5773582328135632,1.1470643422803577
fewshot_0.01,gtm,29,pmsm,0.05345323273541966,0.1394887086411795
fewshot_0.01,gtm,29,steel_industry,0.5262473157624449,0.7625137852022645
fewshot_0.01,gtm,43,building_energy,0.32839277494290064,0.48042284566602933
fewshot_0.01,gtm,43,hydraulic,0.07447693603731509,0.13712979913581078
fewshot_0.01,gtm,43,metropt,0.5781102619487074,1.143893376819766
fewshot_0.01,gtm,43,pmsm,0.054221235910441645,0.1410274793655858
fewshot_0.01,gtm,43,steel_industry,0.5390901330128235,0.7702371862505011
fewshot_0.01,gtm,71,building_energy,0.31945569412322933,0.4725129236636217
fewshot_0.01,gtm,71,hydraulic,0.07983180499795282,0.14195402545853963
fewshot_0.01,gtm,71,metropt,0.5809278537440942,1.1460802287905179
fewshot_0.01,gtm,71,pmsm,0.054798371835061775,0.14194516619221723
fewshot_0.01,gtm,71,steel_industry,0.5192693239897309,0.7569883516868725
fewshot_0.01,gtm,101,building_energy,0.3245110398137939,0.4764010260704617
fewshot_0.01,gtm,101,hydraulic,0.06848535528750448,0.12954476627487035
fewshot_0.01,gtm,101,metropt,0.5893646164348028,1.1484358978354303
fewshot_0.01,gtm,101,pmsm,0.05435461752291499,0.14020445110714277
fewshot_0.01,gtm,101,steel_industry,0.5155316907319826,0.7558336749564669
fewshot_0.01,cpiri,17,building_energy,0.3053147032573028,0.4753305716716833
fewshot_0.01,cpiri,17,hydraulic,1.6924647100539767,1.7823569761704632
fewshot_0.01,cpiri,17,metropt,0.5052970927246613,1.2611491980154046
fewshot_0.01,cpiri,17,pmsm,0.06988483358617391,0.1385425974698742
fewshot_0.01,cpiri,17,steel_industry,0.5177774888387388,0.8899303673621727
fewshot_0.01,cpiri,29,building_energy,0.31353237020956837,0.4904771537177091
fewshot_0.01,cpiri,29,hydraulic,1.7772571836604083,1.848811826708944
fewshot_0.01,cpiri,29,metropt,0.524907841365326,1.3025027930673931
fewshot_0.01,cpiri,29,pmsm,0.07911069037434625,0.14328356086634264
fewshot_0.01,cpiri,29,steel_industry,0.5074666358823812,0.8591163353826688
fewshot_0.01,cpiri,43,building_energy,0.32130601874296516,0.4967712904167163
fewshot_0.01,cpiri,43,hydraulic,1.812964846616607,1.901258298014676
fewshot_0.01,cpiri,43,metropt,0.5203270895536706,1.2824709180934803
fewshot_0.01,cpiri,43,pmsm,0.0665092718542029,0.13622109757814496
fewshot_0.01,cpiri,43,steel_industry,0.5374015508867378,0.8996068654402215
fewshot_0.01,cpiri,71,building_energy,0.3230638940992075,0.4990705448814889
fewshot_0.01,cpiri,71,hydraulic,1.7122841286886532,1.7857240376573509
fewshot_0.01,cpiri,71,metropt,0.49999637183980106,1.2562535481743289
fewshot_0.01,cpiri,71,pmsm,0.07240522522067676,0.14188019831282392
fewshot_0.01,cpiri,71,steel_industry,0.5102491654721988,0.8673567903972929
fewshot_0.01,cpiri,101,building_energy,0.30533760921701997,0.476460931347041
fewshot_0.01,cpiri,101,hydraulic,1.645443678255985,1.72624190637569
fewshot_0.01,cpiri,101,metropt,0.5058680899910302,1.258724726721579
fewshot_0.01,cpiri,101,pmsm,0.07333373548458597,0.14050252308122985
fewshot_0.01,cpiri,101,steel_industry,0.5098983885524031,0.8827998383565655
fewshot_0.01,tefn,17,building_energy,0.3219568348423785,0.474006673561867
fewshot_0.01,tefn,17,hydraulic,0.16059110936374071,0.21648049532715405
fewshot_0.01,tefn,17,metropt,0.6210275529996405,1.165690071000212
fewshot_0.01,tefn,17,pmsm,0.05055640294415417,0.13521816498815073
fewshot_0.01,tefn,17,steel_industry,0.47709967794488256,0.7080844415600972
fewshot_0.01,tefn,29,building_energy,0.32010812308258,0.4716666952590923
fewshot_0.01,tefn,29,hydraulic,0.13295184593856302,0.19572474574589185
fewshot_0.01,tefn,29,metropt,0.6061622547700226,1.1578375527424887
fewshot_0.01,tefn,29,pmsm,0.050371347098643854,0.13516556337111216
fewshot_0.01,tefn,29,steel_industry,0.49242286660503487,0.7197658076348971
fewshot_0.01,tefn,43,building_energy,0.3234085859735937,0.47597852619085745
fewshot_0.01,tefn,43,hydraulic,0.19891232753024218,0.25659974494411153
fewshot_0.01,tefn,43,metropt,0.6282505198704188,1.166430892684589
fewshot_0.01,tefn,43,pmsm,0.050869408859779565,0.13567314224350052
fewshot_0.01,tefn,43,steel_industry,0.49087290199634587,0.7186219547944317
fewshot_0.01,tefn,71,building_energy,0.3206965310097946,0.47380796550072535
fewshot_0.01,tefn,71,hydraulic,0.20520766108909433,0.2662398236565735
fewshot_0.01,tefn,71,metropt,0.6162637392732261,1.164676317691838
fewshot_0.01,tefn,71,pmsm,0.05078872604556467,0.13563025636708484
fewshot_0.01,tefn,71,steel_industry,0.4878001684867314,0.7213811455418899
fewshot_0.01,tefn,101,building_energy,0.32451995341115397,0.47677552081230623
fewshot_0.01,tefn,101,hydraulic,0.17027844583331006,0.2317554364157213
fewshot_0.01,tefn,101,metropt,0.6231899145976981,1.1667115011811455
fewshot_0.01,tefn,101,pmsm,0.05095056685678506,0.135696064811425
fewshot_0.01,tefn,101,steel_industry,0.4910909195405863,0.7190884630052634
fewshot_0.01,tggc,17,building_energy,0.4335181705487709,0.5985519173026437
fewshot_0.01,tggc,17,hydraulic,12.89437029307107,13.612361602234675
fewshot_0.01,tggc,17,metropt,1.246923442932675,10.230502556353049
fewshot_0.01,tggc,17,pmsm,0.12451953273345405,0.22041433106764477
fewshot_0.01,tggc,17,steel_industry,0.5568807616161771,0.7860497327290261
fewshot_0.01,tggc,29,building_energy,0.47671540375109334,0.652834360072504
fewshot_0.01,tggc,29,hydraulic,36.4948843446546,38.145470997410406
fewshot_0.01,tggc,29,metropt,0.8952884467148756,5.233166490492221
fewshot_0.01,tggc,29,pmsm,0.11839248594299367,0.2077115421441189
fewshot_0.01,tggc,29,steel_industry,0.7062802824350376,0.8832640446656275
fewshot_0.01,tggc,43,building_energy,0.7000995185039756,1.0774780489833922
fewshot_0.01,tggc,43,hydraulic,2.9184906715062864,3.6984734664579584
fewshot_0.01,tggc,43,metropt,1.1303953737324623,8.850287284841333
fewshot_0.01,tggc,43,pmsm,0.14332472469021246,0.21907003203464248
fewshot_0.01,tggc,43,steel_industry,0.6887448108498397,0.8699022666493296
fewshot_0.01,tggc,71,building_energy,1.1030319819965606,1.5875046664900188
fewshot_0.01,tggc,71,hydraulic,14.490170667840948,15.824707008228911
fewshot_0.01,tggc,71,metropt,1.1908851085848284,4.90643635175787
fewshot_0.01,tggc,71,pmsm,0.08337225311424978,0.1577457248565579
fewshot_0.01,tggc,71,steel_industry,0.5501828905553782,0.7693781196651068
fewshot_0.01,tggc,101,building_energy,1.6530741596913405,3.0984816397184147
fewshot_0.01,tggc,101,hydraulic,28.25972731023653,29.57243612263402
fewshot_0.01,tggc,101,metropt,1.4578812987527445,7.353062945025194
fewshot_0.01,tggc,101,pmsm,0.1234086252953811,0.2014768743798332
fewshot_0.01,tggc,101,steel_industry,0.6935498886341727,0.8656999506201103
fewshot_0.01,gtm_gaugeformer,17,building_energy,0.2816314633541783,0.44312969609257535
fewshot_0.01,gtm_gaugeformer,17,hydraulic,0.07710422131445333,0.15178430740073667
fewshot_0.01,gtm_gaugeformer,17,metropt,0.5368687977457604,1.1734941645961139
fewshot_0.01,gtm_gaugeformer,17,pmsm,0.04839981198549259,0.13071194299364697
fewshot_0.01,gtm_gaugeformer,17,steel_industry,0.49681267983708555,0.786197936093673
fewshot_0.01,gtm_gaugeformer,29,building_energy,0.28576477429111724,0.45092221275123917
fewshot_0.01,gtm_gaugeformer,29,hydraulic,0.0734398971688802,0.14768329491522658
fewshot_0.01,gtm_gaugeformer,29,metropt,0.5317726392558659,1.174859994384749
fewshot_0.01,gtm_gaugeformer,29,pmsm,0.048213754379745406,0.13064226104094653
fewshot_0.01,gtm_gaugeformer,29,steel_industry,0.4975205550997899,0.7872797846472267
fewshot_0.01,gtm_gaugeformer,43,building_energy,0.2863059660440041,0.4469786984366178
fewshot_0.01,gtm_gaugeformer,43,hydraulic,0.072686310474661,0.1461585224009705
fewshot_0.01,gtm_gaugeformer,43,metropt,0.5327404990966861,1.1735405842258912
fewshot_0.01,gtm_gaugeformer,43,pmsm,0.04849916117708552,0.13097512876424913
fewshot_0.01,gtm_gaugeformer,43,steel_industry,0.5054742472386525,0.7882795122408083
fewshot_0.01,gtm_gaugeformer,71,building_energy,0.28299909697617187,0.44617489587699216
fewshot_0.01,gtm_gaugeformer,71,hydraulic,0.0724395046841722,0.14587724341831715
fewshot_0.01,gtm_gaugeformer,71,metropt,0.5342753539517363,1.174225452856005
fewshot_0.01,gtm_gaugeformer,71,pmsm,0.04865639305244354,0.1310996893570691
fewshot_0.01,gtm_gaugeformer,71,steel_industry,0.4926086819366242,0.7818478325820754
fewshot_0.01,gtm_gaugeformer,101,building_energy,0.28537294946942976,0.4469449430320402
fewshot_0.01,gtm_gaugeformer,101,hydraulic,0.07229242702180917,0.14467408384332284
fewshot_0.01,gtm_gaugeformer,101,metropt,0.5385447638940054,1.1747718622381775
fewshot_0.01,gtm_gaugeformer,101,pmsm,0.04856571524268557,0.13061487610414033
fewshot_0.01,gtm_gaugeformer,101,steel_industry,0.4904151082597936,0.7820600312652882
fewshot_0.05,moirai,17,building_energy,0.25115831605280153,0.4225087358860555
fewshot_0.05,moirai,17,hydraulic,0.10996203479197363,0.20702294087147874
fewshot_0.05,moirai,17,metropt,0.47850814791497587,1.193487802806023
fewshot_0.05,moirai,17,pmsm,0.046339433985226997,0.1305711735263764
fewshot_0.05,moirai,17,steel_industry,0.47162402253414515,0.8829813989927336
fewshot_0.05,moirai,29,building_energy,0.25073817796995573,0.42184864300349856
fewshot_0.05,moirai,29,hydraulic,0.11038257689910787,0.20748863437169224
fewshot_0.05,moirai,29,metropt,0.47903398144836457,1.1936335222354402
fewshot_0.05,moirai,29,pmsm,0.046280862057012345,0.130426444877723
fewshot_0.05,moirai,29,steel_industry,0.4703147687148138,0.8820966552568097
fewshot_0.05,moirai,43,building_energy,0.25031799460421833,0.4212378271028425
fewshot_0.05,moirai,43,hydraulic,0.10988405689853786,0.20704354296965297
fewshot_0.05,moirai,43,metropt,0.47812395533773383,1.1923391895652828
fewshot_0.05,moirai,43,pmsm,0.0462489566402088,0.13026192913832915
fewshot_0.05,moirai,43,steel_industry,0.4703578190071466,0.8812717880426518
fewshot_0.05,moirai,71,building_energy,0.2508781366126192,0.421846171245917
fewshot_0.05,moirai,71,hydraulic,0.10979413200537096,0.2069974667520711
fewshot_0.05,moirai,71,metropt,0.4801026000484597,1.192412312347882
fewshot_0.05,moirai,71,pmsm,0.04625045296712466,0.13037705782710007
fewshot_0.05,moirai,71,steel_industry,0.4708995641151962,0.882183818230148
fewshot_0.05,moirai,101,building_energy,0.2510438206160083,0.4222284757039567
fewshot_0.05,moirai,101,hydraulic,0.11010277543527083,0.20725779793234825
fewshot_0.05,moirai,101,metropt,0.4780076893314122,1.1934329836585873
fewshot_0.05,moirai,101,pmsm,0.04624445808902914,0.1303100941834104
fewshot_0.05,moirai,101,steel_industry,0.4707128477238934,0.8814510273891847
fewshot_0.05,gaugeformer_v13,17,building_energy,0.24804461523528848,0.41736953650525777
fewshot_0.05,gaugeformer_v13,17,hydraulic,0.10620948323387946,0.20450316070015306
fewshot_0.05,gaugeformer_v13,17,metropt,0.47118418993486705,1.193838411204609
fewshot_0.05,gaugeformer_v13,17,pmsm,0.04589282144897159,0.1296016893164372
fewshot_0.05,gaugeformer_v13,17,steel_industry,0.4694119012356125,0.8865786577766711
fewshot_0.05,gaugeformer_v13,29,building_energy,0.2474589988907743,0.4164730324608919
fewshot_0.05,gaugeformer_v13,29,hydraulic,0.1063800197591343,0.20478611720130566
fewshot_0.05,gaugeformer_v13,29,metropt,0.47209521268499505,1.1943133663816743
fewshot_0.05,gaugeformer_v13,29,pmsm,0.04586470551935873,0.12958563557827354
fewshot_0.05,gaugeformer_v13,29,steel_industry,0.46854644298736947,0.8860565830441729
fewshot_0.05,gaugeformer_v13,43,building_energy,0.24748453871004708,0.41664906119253786
fewshot_0.05,gaugeformer_v13,43,hydraulic,0.10623108911057023,0.2045910566227115
fewshot_0.05,gaugeformer_v13,43,metropt,0.4706364097435996,1.1926937752288331
fewshot_0.05,gaugeformer_v13,43,pmsm,0.045825333292878,0.1294158181216092
fewshot_0.05,gaugeformer_v13,43,steel_industry,0.46854376391011554,0.8854960250504165
fewshot_0.05,gaugeformer_v13,71,building_energy,0.24767872643269298,0.4170137837956579
fewshot_0.05,gaugeformer_v13,71,hydraulic,0.10611218661378412,0.20450832930828852
fewshot_0.05,gaugeformer_v13,71,metropt,0.4732000704344851,1.1934061752910101
fewshot_0.05,gaugeformer_v13,71,pmsm,0.045821410481247354,0.12947920279450806
fewshot_0.05,gaugeformer_v13,71,steel_industry,0.468694045788909,0.8854749647767957
fewshot_0.05,gaugeformer_v13,101,building_energy,0.24757394723744058,0.4166862367274051
fewshot_0.05,gaugeformer_v13,101,hydraulic,0.10622685225617134,0.20454185410742898
fewshot_0.05,gaugeformer_v13,101,metropt,0.470694557324708,1.1938550913971
fewshot_0.05,gaugeformer_v13,101,pmsm,0.045825319805182764,0.12943485482237763
fewshot_0.05,gaugeformer_v13,101,steel_industry,0.46868725705503306,0.8852974914274571
fewshot_0.05,timer_xl,17,building_energy,0.2398544595943031,0.3840825354168577
fewshot_0.05,timer_xl,17,hydraulic,0.110873641799345,0.1901217134352215
fewshot_0.05,timer_xl,17,metropt,0.5140885854053444,1.0954127923295314
fewshot_0.05,timer_xl,17,pmsm,0.046360227804888986,0.12644164545986736
fewshot_0.05,timer_xl,17,steel_industry,0.4879647957170158,0.7338890742334498
fewshot_0.05,timer_xl,29,building_energy,0.24014707890820322,0.38326643085632983
fewshot_0.05,timer_xl,29,hydraulic,0.10901246190515207,0.18777735505541637
fewshot_0.05,timer_xl,29,metropt,0.5029617204200195,1.096800159012238
fewshot_0.05,timer_xl,29,pmsm,0.046164318572255926,0.12636314632745504
fewshot_0.05,timer_xl,29,steel_industry,0.48766115559192436,0.7333610874376378
fewshot_0.05,timer_xl,43,building_energy,0.24010250253635296,0.38347476699462113
fewshot_0.05,timer_xl,43,hydraulic,0.11071891213137328,0.18799491558249762
fewshot_0.05,timer_xl,43,metropt,0.5038634772930733,1.0893682475524957
fewshot_0.05,timer_xl,43,pmsm,0.04635434796742057,0.12669579151570987
fewshot_0.05,timer_xl,43,steel_industry,0.48532437735246337,0.732847394763579
fewshot_0.05,timer_xl,71,building_energy,0.24052302569144146,0.3836289576822139
fewshot_0.05,timer_xl,71,hydraulic,0.11334773954508595,0.19305622000401665
fewshot_0.05,timer_xl,71,metropt,0.5105496584808261,1.0922143842183043
fewshot_0.05,timer_xl,71,pmsm,0.046184750203989794,0.12636053904165764
fewshot_0.05,timer_xl,71,steel_industry,0.4897308959313113,0.734565564273707
fewshot_0.05,timer_xl,101,building_energy,0.24199115063164858,0.38684157533039454
fewshot_0.05,timer_xl,101,hydraulic,0.10925585075896838,0.1871787038639947
fewshot_0.05,timer_xl,101,metropt,0.5092463616926646,1.089910361161362
fewshot_0.05,timer_xl,101,pmsm,0.046014432042183355,0.12607436798562502
fewshot_0.05,timer_xl,101,steel_industry,0.48532654006426224,0.7299520078722609
fewshot_0.05,timer_xl_gaugeformer,17,building_energy,0.2384336697967866,0.38970998444424604
fewshot_0.05,timer_xl_gaugeformer,17,hydraulic,0.102052854658712,0.1878012434786291
fewshot_0.05,timer_xl_gaugeformer,17,metropt,0.4932003098583408,1.1295264562790999
fewshot_0.05,timer_xl_gaugeformer,17,pmsm,0.04466748853519167,0.12402837092592722
fewshot_0.05,timer_xl_gaugeformer,17,steel_industry,0.457000257718983,0.7354261533826925
fewshot_0.05,timer_xl_gaugeformer,29,building_energy,0.23747466328553987,0.38765233898487533
fewshot_0.05,timer_xl_gaugeformer,29,hydraulic,0.10104524366943503,0.18683743633545877
fewshot_0.05,timer_xl_gaugeformer,29,metropt,0.48621481487017704,1.1125497196133922
fewshot_0.05,timer_xl_gaugeformer,29,pmsm,0.044595519894837475,0.12411415254485982
fewshot_0.05,timer_xl_gaugeformer,29,steel_industry,0.4578310906004129,0.7363367608951596
fewshot_0.05,timer_xl_gaugeformer,43,building_energy,0.2380638165627003,0.389722464351735
fewshot_0.05,timer_xl_gaugeformer,43,hydraulic,0.10166632597663633,0.18622997760271323
fewshot_0.05,timer_xl_gaugeformer,43,metropt,0.48642441712164447,1.1110613692859317
fewshot_0.05,timer_xl_gaugeformer,43,pmsm,0.044673607332059495,0.12417913130390719
fewshot_0.05,timer_xl_gaugeformer,43,steel_industry,0.45435438379843684,0.7315860918218392
fewshot_0.05,timer_xl_gaugeformer,71,building_energy,0.23894483911250713,0.3909205712633867
fewshot_0.05,timer_xl_gaugeformer,71,hydraulic,0.10365018383931597,0.18984783414875242
fewshot_0.05,timer_xl_gaugeformer,71,metropt,0.4901817907709569,1.1286886599068777
fewshot_0.05,timer_xl_gaugeformer,71,pmsm,0.044594817077077444,0.12403422254405777
fewshot_0.05,timer_xl_gaugeformer,71,steel_industry,0.4590372265899532,0.7360545892778019
fewshot_0.05,timer_xl_gaugeformer,101,building_energy,0.23982464175828325,0.39332466880276046
fewshot_0.05,timer_xl_gaugeformer,101,hydraulic,0.10113828562028453,0.18656882432001223
fewshot_0.05,timer_xl_gaugeformer,101,metropt,0.4897159331956741,1.1177206608454668
fewshot_0.05,timer_xl_gaugeformer,101,pmsm,0.04451562743598178,0.12398398883407151
fewshot_0.05,timer_xl_gaugeformer,101,steel_industry,0.4553635167878638,0.7315846039584949
fewshot_0.05,unitime,17,building_energy,0.30668801063317874,0.4535438829911198
fewshot_0.05,unitime,17,hydraulic,0.0692257650301867,0.13005937893301595
fewshot_0.05,unitime,17,metropt,0.553337527693648,1.127534536840676
fewshot_0.05,unitime,17,pmsm,0.054864030178772984,0.1402003305370478
fewshot_0.05,unitime,17,steel_industry,0.4415750615627473,0.6661674321962884
fewshot_0.05,unitime,29,building_energy,0.3090564118222577,0.4548692628641031
fewshot_0.05,unitime,29,hydraulic,0.06727455500860806,0.12328452426466109
fewshot_0.05,unitime,29,metropt,0.5577399007810685,1.1272719624511987
fewshot_0.05,unitime,29,pmsm,0.05553629553310598,0.14119091072232404
fewshot_0.05,unitime,29,steel_industry,0.43778979244413474,0.6551288578615614
fewshot_0.05,unitime,43,building_energy,0.307219777774907,0.4536693270837724
fewshot_0.05,unitime,43,hydraulic,0.07119900882543652,0.13047952741068397
fewshot_0.05,unitime,43,metropt,0.5428428266208558,1.1100734803935892
fewshot_0.05,unitime,43,pmsm,0.05518115808492597,0.14065247986049453
fewshot_0.05,unitime,43,steel_industry,0.43982736179817444,0.6551696472295288
fewshot_0.05,unitime,71,building_energy,0.2985768330779137,0.4475495820772688
fewshot_0.05,unitime,71,hydraulic,0.07095339762405807,0.1325923436392927
fewshot_0.05,unitime,71,metropt,0.5537396324845573,1.1353553666972351
fewshot_0.05,unitime,71,pmsm,0.058635859351510666,0.14578507828756562
fewshot_0.05,unitime,71,steel_industry,0.4280384721375056,0.6470790062088663
fewshot_0.05,unitime,101,building_energy,0.299617440740159,0.44899008094611725
fewshot_0.05,unitime,101,hydraulic,0.06465658696534587,0.1311765729884451
fewshot_0.05,unitime,101,metropt,0.5603851990244835,1.1446267693570447
fewshot_0.05,unitime,101,pmsm,0.05657832826604556,0.14296861731846272
fewshot_0.05,unitime,101,steel_industry,0.4357711659044169,0.6523021718426056
fewshot_0.05,gtm,17,building_energy,0.30491616713313463,0.4576680792885131
fewshot_0.05,gtm,17,hydraulic,0.06413718429884761,0.12406701457205094
fewshot_0.05,gtm,17,metropt,0.592822777892777,1.1502823869356313
fewshot_0.05,gtm,17,pmsm,0.05467293705227303,0.1411512491696065
fewshot_0.05,gtm,17,steel_industry,0.5024541185031796,0.7412727105863656
fewshot_0.05,gtm,29,building_energy,0.3078019196449002,0.4630780943261123
fewshot_0.05,gtm,29,hydraulic,0.06491992255941487,0.12512915870007563
fewshot_0.05,gtm,29,metropt,0.5835776759813205,1.1521378345043696
fewshot_0.05,gtm,29,pmsm,0.053986404505062306,0.13954735111394595
fewshot_0.05,gtm,29,steel_industry,0.5014914906220815,0.7438323371187752
fewshot_0.05,gtm,43,building_energy,0.31781216931211564,0.46990132886306146
fewshot_0.05,gtm,43,hydraulic,0.06427598296408192,0.12351345969381008
fewshot_0.05,gtm,43,metropt,0.5802336387853885,1.1478227286889968
fewshot_0.05,gtm,43,pmsm,0.05528989824035857,0.14208184953023809
fewshot_0.05,gtm,43,steel_industry,0.5084679359571315,0.747240698505426
fewshot_0.05,gtm,71,building_energy,0.30876106663431396,0.46375791836561553
fewshot_0.05,gtm,71,hydraulic,0.0623258046245157,0.12311632798559072
fewshot_0.05,gtm,71,metropt,0.5799973208299394,1.1424096926297793
fewshot_0.05,gtm,71,pmsm,0.05511546037777285,0.1423713767094944
fewshot_0.05,gtm,71,steel_industry,0.49984412744366963,0.742974053264435
fewshot_0.05,gtm,101,building_energy,0.3078997783117796,0.4587134974529705
fewshot_0.05,gtm,101,hydraulic,0.05847915465964858,0.11643838919168226
fewshot_0.05,gtm,101,metropt,0.5888729919817219,1.149639156712606
fewshot_0.05,gtm,101,pmsm,0.05488004673467991,0.14099520032364524
fewshot_0.05,gtm,101,steel_industry,0.49104399497427753,0.7330513470358548
fewshot_0.05,cpiri,17,building_energy,0.32356081481547017,0.5002126269917665
fewshot_0.05,cpiri,17,hydraulic,1.7252843765822683,1.8086733739892744
fewshot_0.05,cpiri,17,metropt,0.5274058720700958,1.3963272619921114
fewshot_0.05,cpiri,17,pmsm,0.06991490799623322,0.13686020196207707
fewshot_0.05,cpiri,17,steel_industry,0.45323520871011624,0.8178121713326121
fewshot_0.05,cpiri,29,building_energy,0.31857909961317293,0.4979329029750828
fewshot_0.05,cpiri,29,hydraulic,1.7466804211327844,1.8233023432899702
fewshot_0.05,cpiri,29,metropt,0.5293977189342635,1.3565338563776668
fewshot_0.05,cpiri,29,pmsm,0.07194538090246755,0.1367577907424957
fewshot_0.05,cpiri,29,steel_industry,0.43274797867462816,0.7890885251277888
fewshot_0.05,cpiri,43,building_energy,0.32491370222828525,0.5011169226686417
fewshot_0.05,cpiri,43,hydraulic,1.8597419949644687,1.9378495662312702
fewshot_0.05,cpiri,43,metropt,0.5457079593529333,1.3972573075174561
fewshot_0.05,cpiri,43,pmsm,0.06125018335240984,0.13016646908715754
fewshot_0.05,cpiri,43,steel_industry,0.44919292986166715,0.8125917951733659
fewshot_0.05,cpiri,71,building_energy,0.30360556891450935,0.4730210372869962
fewshot_0.05,cpiri,71,hydraulic,1.7370776845387348,1.8140261944244467
fewshot_0.05,cpiri,71,metropt,0.5398503154926715,1.415865895218222
fewshot_0.05,cpiri,71,pmsm,0.06902472834535653,0.13751279712384884
fewshot_0.05,cpiri,71,steel_industry,0.44425492188572885,0.8143354294939293
fewshot_0.05,cpiri,101,building_energy,0.29752074391260563,0.46983567809885635
fewshot_0.05,cpiri,101,hydraulic,1.5898576503236104,1.6697717311686535
fewshot_0.05,cpiri,101,metropt,0.5181299225420282,1.383940494826289
fewshot_0.05,cpiri,101,pmsm,0.06625030208348363,0.1339102426542286
fewshot_0.05,cpiri,101,steel_industry,0.4588357785777709,0.8268726716051541
fewshot_0.05,tefn,17,building_energy,0.31118224641334113,0.46671581573853615
fewshot_0.05,tefn,17,hydraulic,0.1469638447692695,0.2000058048994116
fewshot_0.05,tefn,17,metropt,0.6159306307659965,1.163941712468171
fewshot_0.05,tefn,17,pmsm,0.05073264358725963,0.1351794272998307
fewshot_0.05,tefn,17,steel_industry,0.46756444199105085,0.7012223946306763
fewshot_0.05,tefn,29,building_energy,0.30848764712318,0.46409792218550244
fewshot_0.05,tefn,29,hydraulic,0.11980302843581017,0.1785755932707659
fewshot_0.05,tefn,29,metropt,0.6054691302258838,1.1622933022235509
fewshot_0.05,tefn,29,pmsm,0.0519577873629409,0.13702484068218676
fewshot_0.05,tefn,29,steel_industry,0.46820457859325393,0.6932125871876185
fewshot_0.05,tefn,43,building_energy,0.3169512956132632,0.4716898679314489
fewshot_0.05,tefn,43,hydraulic,0.1872637773693626,0.2421079418240195
fewshot_0.05,tefn,43,metropt,0.6248317902316273,1.1688396474402605
fewshot_0.05,tefn,43,pmsm,0.051635969362214706,0.1364110097740046
fewshot_0.05,tefn,43,steel_industry,0.4800075233958771,0.7113108016671641
fewshot_0.05,tefn,71,building_energy,0.3110650151532912,0.4665123903200803
fewshot_0.05,tefn,71,hydraulic,0.19584753515707548,0.2537492723809927
fewshot_0.05,tefn,71,metropt,0.6215648399503494,1.1627426135581191
fewshot_0.05,tefn,71,pmsm,0.05117195960274179,0.13580336037626003
fewshot_0.05,tefn,71,steel_industry,0.47755215039404797,0.707198954279598
fewshot_0.05,tefn,101,building_energy,0.3129464084333622,0.46867822608416965
fewshot_0.05,tefn,101,hydraulic,0.15615623614737514,0.2160943413119173
fewshot_0.05,tefn,101,metropt,0.6204456646345876,1.1650962572602634
fewshot_0.05,tefn,101,pmsm,0.050827459119786644,0.13561634622978277
fewshot_0.05,tefn,101,steel_industry,0.47095907646835017,0.7008478646569519
fewshot_0.05,tggc,17,building_energy,0.43928615979248026,0.6006550530018279
fewshot_0.05,tggc,17,hydraulic,10.728895002362481,11.313882575290114
fewshot_0.05,tggc,17,metropt,1.1412651251961863,8.225074425464657
fewshot_0.05,tggc,17,pmsm,0.12366432745171767,0.22637690337380245
fewshot_0.05,tggc,17,steel_industry,0.5480591270239964,0.7720690935234246
fewshot_0.05,tggc,29,building_energy,0.49550604932907405,0.6768575283395586
fewshot_0.05,tggc,29,hydraulic,35.22960854444395,36.87389959021368
fewshot_0.05,tggc,29,metropt,0.8779477542370049,5.196921207606669
fewshot_0.05,tggc,29,pmsm,0.11850219140834285,0.19377297251994852
fewshot_0.05,tggc,29,steel_industry,0.6877602942113523,0.8662280441704743
fewshot_0.05,tggc,43,building_energy,0.5602015123210031,0.8135889271886927
fewshot_0.05,tggc,43,hydraulic,2.7590214545147154,3.3819012048323502
fewshot_0.05,tggc,43,metropt,1.127597297312291,8.452297407642076
fewshot_0.05,tggc,43,pmsm,0.15552441907495285,0.230859390621972
fewshot_0.05,tggc,43,steel_industry,0.6788832228935705,0.8630430259602389
fewshot_0.05,tggc,71,building_energy,1.0958151607480386,1.5811663931105184
fewshot_0.05,tggc,71,hydraulic,16.949352305130475,18.29539108488123
fewshot_0.05,tggc,71,metropt,1.1529054901178433,4.466531834342753
fewshot_0.05,tggc,71,pmsm,0.08598659607527313,0.16075894075492433
fewshot_0.05,tggc,71,steel_industry,0.5417041653027461,0.7625201764011335
fewshot_0.05,tggc,101,building_energy,1.6277079115910478,3.034536507687724
fewshot_0.05,tggc,101,hydraulic,30.9702692704636,32.351102336137096
fewshot_0.05,tggc,101,metropt,1.4019884161686351,6.814926414153333
fewshot_0.05,tggc,101,pmsm,0.1242229684307644,0.20160738260399336
fewshot_0.05,tggc,101,steel_industry,0.6896310792954845,0.8642551897650644
fewshot_0.05,gtm_gaugeformer,17,building_energy,0.275466634508692,0.43909238647828147
fewshot_0.05,gtm_gaugeformer,17,hydraulic,0.06793996010525273,0.1409990993621138
fewshot_0.05,gtm_gaugeformer,17,metropt,0.5404042651013147,1.176293308573057
fewshot_0.05,gtm_gaugeformer,17,pmsm,0.04860040486354844,0.13079360743627055
fewshot_0.05,gtm_gaugeformer,17,steel_industry,0.4785748299063724,0.7675467509762729
fewshot_0.05,gtm_gaugeformer,29,building_energy,0.2775930602073627,0.44313853820224575
fewshot_0.05,gtm_gaugeformer,29,hydraulic,0.06768518868322507,0.14034981533850488
fewshot_0.05,gtm_gaugeformer,29,metropt,0.5337169527069522,1.1751023154773805
fewshot_0.05,gtm_gaugeformer,29,pmsm,0.04837582248849346,0.13024496403846578
fewshot_0.05,gtm_gaugeformer,29,steel_industry,0.479250941025259,0.7724450927476467
fewshot_0.05,gtm_gaugeformer,43,building_energy,0.28110798198128084,0.4429346965309184
fewshot_0.05,gtm_gaugeformer,43,hydraulic,0.06813052260407464,0.14052144517732748
fewshot_0.05,gtm_gaugeformer,43,metropt,0.5323418982214908,1.1728181185110065
fewshot_0.05,gtm_gaugeformer,43,pmsm,0.04888281303390646,0.13103993636487316
fewshot_0.05,gtm_gaugeformer,43,steel_industry,0.4836743033314777,0.7722953982979195
fewshot_0.05,gtm_gaugeformer,71,building_energy,0.27723348604818177,0.4422002269733994
fewshot_0.05,gtm_gaugeformer,71,hydraulic,0.06635820537594861,0.13944576830308797
fewshot_0.05,gtm_gaugeformer,71,metropt,0.5338687693101412,1.1727520592972442
fewshot_0.05,gtm_gaugeformer,71,pmsm,0.048766778215451195,0.1311155501209156
fewshot_0.05,gtm_gaugeformer,71,steel_industry,0.4783538879735344,0.771256580838046
fewshot_0.05,gtm_gaugeformer,101,building_energy,0.2767270301293814,0.4389480002753473
fewshot_0.05,gtm_gaugeformer,101,hydraulic,0.06783693813051578,0.13933716388020342
fewshot_0.05,gtm_gaugeformer,101,metropt,0.5386811723452827,1.176513102685441
fewshot_0.05,gtm_gaugeformer,101,pmsm,0.04877730022154925,0.13081666249976517
fewshot_0.05,gtm_gaugeformer,101,steel_industry,0.4723223431724536,0.7635730732336157
unseen_target,moirai,17,building_energy,0.1820437717261062,0.29903282204454434
unseen_target,moirai,17,hydraulic,0.1070110199765681,0.1739773639393832
unseen_target,moirai,17,metropt,0.502196847145779,0.9878916958211477
unseen_target,moirai,17,pmsm,0.021202498341427973,0.056234232262742316
unseen_target,moirai,17,steel_industry,0.42888372261257635,0.8743668493833614
unseen_target,moirai,29,building_energy,0.1803139781794924,0.297789785763311
unseen_target,moirai,29,hydraulic,0.10661253630536346,0.17358251206501651
unseen_target,moirai,29,metropt,0.5039149923063344,0.9901157152976935
unseen_target,moirai,29,pmsm,0.02110811184891725,0.056032774022703076
unseen_target,moirai,29,steel_industry,0.4270658920955701,0.8732515029003288
unseen_target,moirai,43,building_energy,0.18188724349975638,0.29883965529158213
unseen_target,moirai,43,hydraulic,0.10767625428664587,0.1745566739491547
unseen_target,moirai,43,metropt,0.5029330382728483,0.989131354183088
unseen_target,moirai,43,pmsm,0.021151040139348033,0.056146149296546675
unseen_target,moirai,43,steel_industry,0.42712549666747746,0.8737648574721536
unseen_target,moirai,71,building_energy,0.18135612720088096,0.298161055995863
unseen_target,moirai,71,hydraulic,0.10656081413645128,0.17351897068713357
unseen_target,moirai,71,metropt,0.5030134338441687,0.9899711933386961
unseen_target,moirai,71,pmsm,0.02117097381867055,0.056124017048544646
unseen_target,moirai,71,steel_industry,0.4277260151848752,0.8733277367340432
unseen_target,moirai,101,building_energy,0.18192995364209638,0.2991129829213106
unseen_target,moirai,101,hydraulic,0.10713807800763908,0.17404059648301762
unseen_target,moirai,101,metropt,0.5020515229190756,0.9886808427864725
unseen_target,moirai,101,pmsm,0.02118349090220161,0.05614748776736227
unseen_target,moirai,101,steel_industry,0.429318049423448,0.874433556161365
unseen_target,gaugeformer_v13,17,building_energy,0.18137000311725593,0.2977944690380439
unseen_target,gaugeformer_v13,17,hydraulic,0.1038408628328151,0.1712176632928396
unseen_target,gaugeformer_v13,17,metropt,0.4677417610015732,0.9475799897257162
unseen_target,gaugeformer_v13,17,pmsm,0.021046426993057712,0.055921555954375715
unseen_target,gaugeformer_v13,17,steel_industry,0.4316317169356585,0.8764874328825192
unseen_target,gaugeformer_v13,29,building_energy,0.17870075462112034,0.2943929680524484
unseen_target,gaugeformer_v13,29,hydraulic,0.10364919580318528,0.17103781298099666
unseen_target,gaugeformer_v13,29,metropt,0.46919060327116846,0.9494909991179954
unseen_target,gaugeformer_v13,29,pmsm,0.020970868538557653,0.05576601424868707
unseen_target,gaugeformer_v13,29,steel_industry,0.43017052165389585,0.8757392224534193
unseen_target,gaugeformer_v13,43,building_energy,0.18183431230944638,0.2991856962204591
unseen_target,gaugeformer_v13,43,hydraulic,0.10412337242551384,0.17148173254000224
unseen_target,gaugeformer_v13,43,metropt,0.4687055073338625,0.9490986498421125
unseen_target,gaugeformer_v13,43,pmsm,0.02099839747693972,0.0558448669201131
unseen_target,gaugeformer_v13,43,steel_industry,0.42957104301600013,0.8785366639283436
unseen_target,gaugeformer_v13,71,building_energy,0.18045643319452145,0.29711859962384934
unseen_target,gaugeformer_v13,71,hydraulic,0.10361618416204657,0.17101360351010017
unseen_target,gaugeformer_v13,71,metropt,0.4679485550526702,0.9486975221939649
unseen_target,gaugeformer_v13,71,pmsm,0.02103508196271752,0.05585988949321443
unseen_target,gaugeformer_v13,71,steel_industry,0.42937804118609474,0.8762898707541269
unseen_target,gaugeformer_v13,101,building_energy,0.1810904679429493,0.2980436588235563
unseen_target,gaugeformer_v13,101,hydraulic,0.10384296717999394,0.17120610372071435
unseen_target,gaugeformer_v13,101,metropt,0.46748565485739774,0.9482619841726395
unseen_target,gaugeformer_v13,101,pmsm,0.0210312517975214,0.05585136538802755
unseen_target,gaugeformer_v13,101,steel_industry,0.4317447732755598,0.8765419693626706
unseen_target,timer_xl,17,building_energy,0.18946960441735083,0.29443837824287566
unseen_target,timer_xl,17,hydraulic,0.056181158997433166,0.07624271469983328
unseen_target,timer_xl,17,metropt,0.5111049966080816,0.8341881114447973
unseen_target,timer_xl,17,pmsm,0.022669703493372936,0.058101218231913915
unseen_target,timer_xl,17,steel_industry,0.5059522670419211,0.7999020086975615
unseen_target,timer_xl,29,building_energy,0.18802079783274306,0.2925815139029764
unseen_target,timer_xl,29,hydraulic,0.06161984151464876,0.08038263347514268
unseen_target,timer_xl,29,metropt,0.512885817112176,0.8301830965962362
unseen_target,timer_xl,29,pmsm,0.022735961700753017,0.05802756569999906
unseen_target,timer_xl,29,steel_industry,0.4974953069274817,0.7798034562260432
unseen_target,timer_xl,43,building_energy,0.1914271191488192,0.29812530483182065
unseen_target,timer_xl,43,hydraulic,0.06119568669118346,0.08105132845660827
unseen_target,timer_xl,43,metropt,0.5163328828352289,0.8291700040612492
unseen_target,timer_xl,43,pmsm,0.022914313486229836,0.05830873591481408
unseen_target,timer_xl,43,steel_industry,0.4890525848772269,0.764141445167794
unseen_target,timer_xl,71,building_energy,0.1879822974337736,0.2921953463372367
unseen_target,timer_xl,71,hydraulic,0.05852359033938076,0.07852096200698949
unseen_target,timer_xl,71,metropt,0.5107959342147237,0.8399977803029466
unseen_target,timer_xl,71,pmsm,0.0226655571733932,0.05809340155425478
unseen_target,timer_xl,71,steel_industry,0.5071960560938393,0.7980717947933107
unseen_target,timer_xl,101,building_energy,0.19162919051232452,0.298858967526627
unseen_target,timer_xl,101,hydraulic,0.0596389921928146,0.08124022930911864
unseen_target,timer_xl,101,metropt,0.5080519585033371,0.8213932828435058
unseen_target,timer_xl,101,pmsm,0.022542645004607544,0.05779807409872864
unseen_target,timer_xl,101,steel_industry,0.4960636158608338,0.7903584507584676
unseen_target,timer_xl_gaugeformer,17,building_energy,0.18510833241238778,0.29231047325980397
unseen_target,timer_xl_gaugeformer,17,hydraulic,0.06643090354828166,0.09347331961720545
unseen_target,timer_xl_gaugeformer,17,metropt,0.4788113641051137,0.8546670566878591
unseen_target,timer_xl_gaugeformer,17,pmsm,0.02085416613415144,0.054511415659714436
unseen_target,timer_xl_gaugeformer,17,steel_industry,0.4370956069590707,0.7523463557097658
unseen_target,timer_xl_gaugeformer,29,building_energy,0.18397539258469048,0.2911436037671765
unseen_target,timer_xl_gaugeformer,29,hydraulic,0.06846533793983076,0.09435404997218025
unseen_target,timer_xl_gaugeformer,29,metropt,0.48081304426362437,0.8516107938446223
unseen_target,timer_xl_gaugeformer,29,pmsm,0.020927862696300734,0.054495493572410736
unseen_target,timer_xl_gaugeformer,29,steel_industry,0.4330926551996481,0.742216942633378
unseen_target,timer_xl_gaugeformer,43,building_energy,0.1863545903724145,0.2961215342489738
unseen_target,timer_xl_gaugeformer,43,hydraulic,0.06771919876366833,0.09335078614398276
unseen_target,timer_xl_gaugeformer,43,metropt,0.48033009461328313,0.845237374955481
unseen_target,timer_xl_gaugeformer,43,pmsm,0.02101746128008545,0.05468194266351026
unseen_target,timer_xl_gaugeformer,43,steel_industry,0.42898186909950214,0.7359212537044415
unseen_target,timer_xl_gaugeformer,71,building_energy,0.18332214572574357,0.29001681904949905
unseen_target,timer_xl_gaugeformer,71,hydraulic,0.06753755291180848,0.09354756100018734
unseen_target,timer_xl_gaugeformer,71,metropt,0.47685069032275074,0.8552652717542689
unseen_target,timer_xl_gaugeformer,71,pmsm,0.020850392534263486,0.05446180872819814
unseen_target,timer_xl_gaugeformer,71,steel_industry,0.4391194417448256,0.7494964096137937
unseen_target,timer_xl_gaugeformer,101,building_energy,0.1873261604107198,0.29686152079616546
unseen_target,timer_xl_gaugeformer,101,hydraulic,0.06722023882294263,0.09372380513018952
unseen_target,timer_xl_gaugeformer,101,metropt,0.47475380564796327,0.8422561327901157
unseen_target,timer_xl_gaugeformer,101,pmsm,0.020872645352492357,0.054511565301241696
unseen_target,timer_xl_gaugeformer,101,steel_industry,0.4336982646926659,0.7490918697781955
unseen_target,unitime,17,building_energy,0.22353190743748275,0.3427961073795192
unseen_target,unitime,17,hydraulic,0.043393354508031404,0.056680026909810874
unseen_target,unitime,17,metropt,0.5998684506170141,0.977942110321151
unseen_target,unitime,17,pmsm,0.02700760607454385,0.06539799868287806
unseen_target,unitime,17,steel_industry,0.4789292940237916,0.7255843141308922
unseen_target,unitime,29,building_energy,0.2495716130875818,0.36459700099101433
unseen_target,unitime,29,hydraulic,0.0788767939196951,0.09282277740745844
unseen_target,unitime,29,metropt,0.6394238728226371,0.9522015859226218
unseen_target,unitime,29,pmsm,0.027592585726426817,0.06594254231318987
unseen_target,unitime,29,steel_industry,0.4741336254668973,0.7348393549825893
unseen_target,unitime,43,building_energy,0.2653027862864956,0.3783785164079506
unseen_target,unitime,43,hydraulic,0.05838929923323908,0.07492004698830589
unseen_target,unitime,43,metropt,0.615907004897237,0.9391379063630034
unseen_target,unitime,43,pmsm,0.028005154075849775,0.06624553089824921
unseen_target,unitime,43,steel_industry,0.4664134863235869,0.7195410060694594
unseen_target,unitime,71,building_energy,0.24874341854459792,0.3640759139740314
unseen_target,unitime,71,hydraulic,0.07131929903496817,0.08942256762944881
unseen_target,unitime,71,metropt,0.6051861670339878,0.9546752627484436
unseen_target,unitime,71,pmsm,0.026529608734596404,0.06364762006287232
unseen_target,unitime,71,steel_industry,0.4613159645817785,0.7246934799457281
unseen_target,unitime,101,building_energy,0.23936585240111607,0.35489676878982745
unseen_target,unitime,101,hydraulic,0.05726933118149864,0.07182872229251087
unseen_target,unitime,101,metropt,0.5865011309234984,0.9612774661649868
unseen_target,unitime,101,pmsm,0.029850038774899876,0.06977040166333574
unseen_target,unitime,101,steel_industry,0.48162473814598405,0.74344824871428
unseen_target,gtm,17,building_energy,0.23550061863946734,0.3514644979005761
unseen_target,gtm,17,hydraulic,0.04260027410468467,0.0521545603698641
unseen_target,gtm,17,metropt,0.646105686739367,0.9547831827356092
unseen_target,gtm,17,pmsm,0.02988010414511967,0.06796873184983217
unseen_target,gtm,17,steel_industry,0.4854153797794013,0.7600599304310498
unseen_target,gtm,29,building_energy,0.2230468606955475,0.3418031764879235
unseen_target,gtm,29,hydraulic,0.04011189634984615,0.05046410170743286
unseen_target,gtm,29,metropt,0.634858811523469,0.9517929693930709
unseen_target,gtm,29,pmsm,0.029975430782118246,0.06826415208243836
unseen_target,gtm,29,steel_industry,0.486368165707072,0.7570901941631497
unseen_target,gtm,43,building_energy,0.22978734716294022,0.34794768611060356
unseen_target,gtm,43,hydraulic,0.040939318256450676,0.04975786349986368
unseen_target,gtm,43,metropt,0.6445724073670767,0.9493611320400175
unseen_target,gtm,43,pmsm,0.0294484371779052,0.06777516985459171
unseen_target,gtm,43,steel_industry,0.48278800224747453,0.7586210418162136
unseen_target,gtm,71,building_energy,0.22849032796294177,0.3442357187347203
unseen_target,gtm,71,hydraulic,0.04165880860672201,0.0510596113497779
unseen_target,gtm,71,metropt,0.6397938807625263,0.9567849354512422
unseen_target,gtm,71,pmsm,0.029808876391472106,0.06835745311257757
unseen_target,gtm,71,steel_industry,0.4868195016562269,0.764049426318997
unseen_target,gtm,101,building_energy,0.23291422201393275,0.35088581715080736
unseen_target,gtm,101,hydraulic,0.03666717946398268,0.04648489042114943
unseen_target,gtm,101,metropt,0.6412602251221438,0.9355784159410223
unseen_target,gtm,101,pmsm,0.029923264236846478,0.0685513077360307
unseen_target,gtm,101,steel_industry,0.4922498793360752,0.7594158570526308
unseen_target,cpiri,17,building_energy,0.3019383486177825,0.44421729101496216
unseen_target,cpiri,17,hydraulic,0.3221861192574781,0.3712427611740526
unseen_target,cpiri,17,metropt,0.6494429788203968,1.0835482510127599
unseen_target,cpiri,17,pmsm,0.05364312076086055,0.0870050354781161
unseen_target,cpiri,17,steel_industry,0.507431192261714,0.8908734866790002
unseen_target,cpiri,29,building_energy,0.30814070478070266,0.45024678314159955
unseen_target,cpiri,29,hydraulic,0.34282574527502563,0.39980007436424286
unseen_target,cpiri,29,metropt,0.6578449855747406,1.1038279611462158
unseen_target,cpiri,29,pmsm,0.048603544176432194,0.07927490625700931
unseen_target,cpiri,29,steel_industry,0.4978945005306501,0.8717075667125052
unseen_target,cpiri,43,building_energy,0.27994715811401016,0.42061596828758385
unseen_target,cpiri,43,hydraulic,0.3922941514183884,0.4515383320379024
unseen_target,cpiri,43,metropt,0.6243474931590074,1.055489475177815
unseen_target,cpiri,43,pmsm,0.04800334558597202,0.08010682963999147
unseen_target,cpiri,43,steel_industry,0.5313607110622119,0.9041909280535934
unseen_target,cpiri,71,building_energy,0.3240989957194078,0.46999648173499425
unseen_target,cpiri,71,hydraulic,0.408401193807697,0.4654147673035042
unseen_target,cpiri,71,metropt,0.655877648866535,1.0968034790481855
unseen_target,cpiri,71,pmsm,0.03700453869151177,0.069325813255063
unseen_target,cpiri,71,steel_industry,0.4789123289098666,0.8422798804567049
unseen_target,cpiri,101,building_energy,0.2869660003337623,0.4215435957552653
unseen_target,cpiri,101,hydraulic,0.3017890564709956,0.3553345419925485
unseen_target,cpiri,101,metropt,0.6561446744115529,1.1013219471843898
unseen_target,cpiri,101,pmsm,0.04635907498251803,0.0824205748421678
unseen_target,cpiri,101,steel_industry,0.5317446381914577,0.8863701102161449
unseen_target,tefn,17,building_energy,0.34711237662307304,0.47777691945116135
unseen_target,tefn,17,hydraulic,0.07676539261417865,0.09017178948154501
unseen_target,tefn,17,metropt,0.6360683200293444,0.910196283083073
unseen_target,tefn,17,pmsm,0.038537468408194546,0.08751894231476047
unseen_target,tefn,17,steel_industry,0.49622661793389256,0.7507771588529032
unseen_target,tefn,29,building_energy,0.3530545684442369,0.4792956319372431
unseen_target,tefn,29,hydraulic,0.07831600740039853,0.09205438503918795
unseen_target,tefn,29,metropt,0.6424356228730819,0.9079539287972687
unseen_target,tefn,29,pmsm,0.039814920626064586,0.08926629109522452
unseen_target,tefn,29,steel_industry,0.48562218964746173,0.7485523060650895
unseen_target,tefn,43,building_energy,0.3547010496775511,0.47976758874134995
unseen_target,tefn,43,hydraulic,0.0752598892643854,0.08846389761189147
unseen_target,tefn,43,metropt,0.6406220699478066,0.9058472724746933
unseen_target,tefn,43,pmsm,0.040420373880449445,0.09007014829649976
unseen_target,tefn,43,steel_industry,0.4846322480075596,0.7467475286163296
unseen_target,tefn,71,building_energy,0.33677063286622944,0.46457077857256857
unseen_target,tefn,71,hydraulic,0.08552983727184597,0.10111812596791014
unseen_target,tefn,71,metropt,0.6253965923609821,0.8995670257953656
unseen_target,tefn,71,pmsm,0.03832353020057478,0.08666914815608356
unseen_target,tefn,71,steel_industry,0.4915027567677809,0.750329433854955
unseen_target,tefn,101,building_energy,0.35083637935366435,0.4777618505832915
unseen_target,tefn,101,hydraulic,0.07853973105434689,0.09477346625717509
unseen_target,tefn,101,metropt,0.6408840989958813,0.9085625415777174
unseen_target,tefn,101,pmsm,0.03966447565032872,0.08891716216688748
unseen_target,tefn,101,steel_industry,0.487804975209422,0.748272857522051
unseen_target,tggc,17,building_energy,0.44589633010259483,0.584789885467091
unseen_target,tggc,17,hydraulic,0.38823027728484794,0.4593425762031087
unseen_target,tggc,17,metropt,0.8932364561478559,4.570068792978585
unseen_target,tggc,17,pmsm,0.12968797269186433,0.17229608103280855
unseen_target,tggc,17,steel_industry,0.5371751287909837,0.7949549852581055
unseen_target,tggc,29,building_energy,0.5551062795609547,0.7161130496068988
unseen_target,tggc,29,hydraulic,0.5043609241153022,0.5513597562774047
unseen_target,tggc,29,metropt,0.9344771830772934,5.272963606592917
unseen_target,tggc,29,pmsm,0.13538869854182642,0.1801769674063299
unseen_target,tggc,29,steel_industry,0.5291344382235708,0.788983001562033
unseen_target,tggc,43,building_energy,1.2989696292021673,1.5724909476615734
unseen_target,tggc,43,hydraulic,1.2541955029762262,1.3120701156890537
unseen_target,tggc,43,metropt,1.573066282693445,9.251921704747506
unseen_target,tggc,43,pmsm,0.18574937322369128,0.3145647888845943
unseen_target,tggc,43,steel_industry,0.5536268706325498,0.8272864081810378
unseen_target,tggc,71,building_energy,0.9278056155205883,1.1478433452187526
unseen_target,tggc,71,hydraulic,1.1684765753975828,1.1976255242539082
unseen_target,tggc,71,metropt,1.0504600481743531,4.758160422024762
unseen_target,tggc,71,pmsm,0.08801134730488494,0.16229094160028104
unseen_target,tggc,71,steel_industry,0.530006962604465,0.7997400412423443
unseen_target,tggc,101,building_energy,0.7837992566700119,1.0806427222662442
unseen_target,tggc,101,hydraulic,1.1451845090170722,1.2381360680420657
unseen_target,tggc,101,metropt,1.4816197305873997,16.573496625815583
unseen_target,tggc,101,pmsm,0.19791954773054798,0.24980463141306364
unseen_target,tggc,101,steel_industry,0.6153582538540383,0.8504731609184477
unseen_target,gtm_gaugeformer,17,building_energy,0.2148640904010941,0.33681506639083475
unseen_target,gtm_gaugeformer,17,hydraulic,0.06512125155456307,0.09695481863461901
unseen_target,gtm_gaugeformer,17,metropt,0.5575564091811183,0.9237111330658672
unseen_target,gtm_gaugeformer,17,pmsm,0.024399185193916907,0.05908342835673428
unseen_target,gtm_gaugeformer,17,steel_industry,0.4371943747038143,0.7249017952773187
unseen_target,gtm_gaugeformer,29,building_energy,0.210351295299746,0.3346943161571505
unseen_target,gtm_gaugeformer,29,hydraulic,0.0632147180458725,0.0947635144757024
unseen_target,gtm_gaugeformer,29,metropt,0.5544143035011323,0.9241384696888963
unseen_target,gtm_gaugeformer,29,pmsm,0.02443418108587674,0.05918732302300964
unseen_target,gtm_gaugeformer,29,steel_industry,0.43711334411501535,0.7216608508304514
unseen_target,gtm_gaugeformer,43,building_energy,0.212701557127442,0.33637318386547066
unseen_target,gtm_gaugeformer,43,hydraulic,0.06486510941169867,0.09805743461032775
unseen_target,gtm_gaugeformer,43,metropt,0.5586549593173755,0.9223323097749191
unseen_target,gtm_gaugeformer,43,pmsm,0.024209800300889022,0.05902877839514062
unseen_target,gtm_gaugeformer,43,steel_industry,0.43744119492679356,0.726902882496267
unseen_target,gtm_gaugeformer,71,building_energy,0.21139716743350137,0.3330191147915807
unseen_target,gtm_gaugeformer,71,hydraulic,0.06439151554718646,0.09706765164987988
unseen_target,gtm_gaugeformer,71,metropt,0.5561521672049385,0.9273506539422465
unseen_target,gtm_gaugeformer,71,pmsm,0.024350552829761368,0.05922576615948616
unseen_target,gtm_gaugeformer,71,steel_industry,0.4373905314715508,0.7249440400025298
unseen_target,gtm_gaugeformer,101,building_energy,0.21298506903666403,0.3367822375709896
unseen_target,gtm_gaugeformer,101,hydraulic,0.06194299663896983,0.09417890999523637
unseen_target,gtm_gaugeformer,101,metropt,0.5563787165277436,0.9163346759078967
unseen_target,gtm_gaugeformer,101,pmsm,0.024420359723711885,0.05934171105426922
unseen_target,gtm_gaugeformer,101,steel_industry,0.4420414642941482,0.7247896784582506
joint,moirai,17,building_energy,0.2302780707396001,0.396394338154147
joint,moirai,17,hydraulic,0.10504966336485802,0.20253819975638013
joint,moirai,17,metropt,0.44215138169448576,1.1721320048663535
joint,moirai,17,pmsm,0.045941734706462144,0.12958746971486873
joint,moirai,17,steel_industry,0.4527290057157492,0.8675608375092747
joint,moirai,29,building_energy,0.22818492647629957,0.3941635846308023
joint,moirai,29,hydraulic,0.10436045828924852,0.20186843295175955
joint,moirai,29,metropt,0.4429565855958776,1.1738920370332162
joint,moirai,29,pmsm,0.04593372124222365,0.12970176056915853
joint,moirai,29,steel_industry,0.4535756349588829,0.8704852003708273
joint,moirai,43,building_energy,0.2285064521697736,0.3947372158533659
joint,moirai,43,hydraulic,0.1048716789390636,0.20237361236281973
joint,moirai,43,metropt,0.44392644018023375,1.1741264289296323
joint,moirai,43,pmsm,0.04594861920287365,0.12974001653749992
joint,moirai,43,steel_industry,0.451161666920485,0.8664685655062317
joint,moirai,71,building_energy,0.22849907863042837,0.39436424721790125
joint,moirai,71,hydraulic,0.10472450834894478,0.20223528714455655
joint,moirai,71,metropt,0.44264125824143,1.1724190130622778
joint,moirai,71,pmsm,0.04601059232866114,0.12980562940101686
joint,moirai,71,steel_industry,0.4541209659547028,0.8708004619904861
joint,moirai,101,building_energy,0.22994895621246042,0.3962519557137515
joint,moirai,101,hydraulic,0.10517659785724243,0.20275435199060665
joint,moirai,101,metropt,0.4413205629043332,1.17267033408095
joint,moirai,101,pmsm,0.045952449700847754,0.12966129509703703
joint,moirai,101,steel_industry,0.453985551734274,0.8701823095202584
joint,gaugeformer_v13,17,building_energy,0.2323357245298695,0.39836021294178947
joint,gaugeformer_v13,17,hydraulic,0.10360427332710122,0.20216591127909742
joint,gaugeformer_v13,17,metropt,0.4371816877173451,1.1632089524393388
joint,gaugeformer_v13,17,pmsm,0.04562369941589298,0.12900735277849174
joint,gaugeformer_v13,17,steel_industry,0.45456043515461353,0.8680839387070829
joint,gaugeformer_v13,29,building_energy,0.23083627057284384,0.3976349492650733
joint,gaugeformer_v13,29,hydraulic,0.10322458320112195,0.2018415287247759
joint,gaugeformer_v13,29,metropt,0.4377464667495787,1.1653814802207785
joint,gaugeformer_v13,29,pmsm,0.045614561003822114,0.1291172114969984
joint,gaugeformer_v13,29,steel_industry,0.45517916550691684,0.8716358087710117
joint,gaugeformer_v13,43,building_energy,0.23108509538608646,0.39775705213531165
joint,gaugeformer_v13,43,hydraulic,0.10350214808634632,0.2020873902582139
joint,gaugeformer_v13,43,metropt,0.43885009139894315,1.1653534810061719
joint,gaugeformer_v13,43,pmsm,0.045627307565641456,0.12918676933644754
joint,gaugeformer_v13,43,steel_industry,0.4531169151571669,0.8716473350719246
joint,gaugeformer_v13,71,building_energy,0.23179400758454569,0.3985679637480787
joint,gaugeformer_v13,71,hydraulic,0.10344226279866674,0.20208314170981315
joint,gaugeformer_v13,71,metropt,0.43739407734765784,1.1634978480934388
joint,gaugeformer_v13,71,pmsm,0.0456794674729436,0.1292198047889269
joint,gaugeformer_v13,71,steel_industry,0.45384469369853236,0.8685338867360433
joint,gaugeformer_v13,101,building_energy,0.23201029188039993,0.3985015918770817
joint,gaugeformer_v13,101,hydraulic,0.10357338968781324,0.20214083314238848
joint,gaugeformer_v13,101,metropt,0.4364151173314195,1.163635220887422
joint,gaugeformer_v13,101,pmsm,0.04565423961828736,0.1291425068032914
joint,gaugeformer_v13,101,steel_industry,0.4549891046593374,0.8702666309778833
joint,timer_xl,17,building_energy,0.22755331516837837,0.36630492759426414
joint,timer_xl,17,hydraulic,0.045391531509873906,0.09739359680234953
joint,timer_xl,17,metropt,0.37535397528533226,0.9974687844676728
joint,timer_xl,17,pmsm,0.046284528181144,0.126396667667398
joint,timer_xl,17,steel_industry,0.315476782012689,0.5428302811143431
joint,timer_xl,29,building_energy,0.22831579672908983,0.3673325336867133
joint,timer_xl,29,hydraulic,0.04586844000584926,0.09755308851165283
joint,timer_xl,29,metropt,0.3728633129509577,0.9970408716266217
joint,timer_xl,29,pmsm,0.04630529036143707,0.12626393374633085
joint,timer_xl,29,steel_industry,0.3189332061670211,0.5469295334988621
joint,timer_xl,43,building_energy,0.22878691082655742,0.3667517040196972
joint,timer_xl,43,hydraulic,0.04591853846665444,0.09723141150258639
joint,timer_xl,43,metropt,0.3788781899990961,1.0030495955291736
joint,timer_xl,43,pmsm,0.04690907366716867,0.12731053883585683
joint,timer_xl,43,steel_industry,0.31897632545009924,0.5463829604628648
joint,timer_xl,71,building_energy,0.2272990837129033,0.36614571484834657
joint,timer_xl,71,hydraulic,0.04817518731497503,0.09979293840232256
joint,timer_xl,71,metropt,0.3751224157011977,1.0013310294735365
joint,timer_xl,71,pmsm,0.04635633350840318,0.12652976925666018
joint,timer_xl,71,steel_industry,0.32189900985806835,0.5533216402543937
joint,timer_xl,101,building_energy,0.22879358080345588,0.36727301957872466
joint,timer_xl,101,hydraulic,0.050216972146127394,0.10325556380515521
joint,timer_xl,101,metropt,0.3750000603852813,0.9917465702153424
joint,timer_xl,101,pmsm,0.04609754314464091,0.12613793246569283
joint,timer_xl,101,steel_industry,0.31965977706952886,0.5480685396430512
joint,timer_xl_gaugeformer,17,building_energy,0.22984597625893816,0.3763916028577865
joint,timer_xl_gaugeformer,17,hydraulic,0.06015906712676123,0.12314270163095206
joint,timer_xl_gaugeformer,17,metropt,0.3872241153392369,1.0134443466058647
joint,timer_xl_gaugeformer,17,pmsm,0.04449401824448454,0.1237829177333224
joint,timer_xl_gaugeformer,17,steel_industry,0.3225829937096056,0.5803334316188975
joint,timer_xl_gaugeformer,29,building_energy,0.23110442504244208,0.3805748192759784
joint,timer_xl_gaugeformer,29,hydraulic,0.05975739944778552,0.12278546809477764
joint,timer_xl_gaugeformer,29,metropt,0.38401123640250345,1.0122028703003356
joint,timer_xl_gaugeformer,29,pmsm,0.04448025788243823,0.12352209507349027
joint,timer_xl_gaugeformer,29,steel_industry,0.32503509148157167,0.5837041105893274
joint,timer_xl_gaugeformer,43,building_energy,0.229626238656987,0.37789355524424295
joint,timer_xl_gaugeformer,43,hydraulic,0.06088923085908902,0.124391446065318
joint,timer_xl_gaugeformer,43,metropt,0.3903135215094191,1.0179355354283428
joint,timer_xl_gaugeformer,43,pmsm,0.044743523306025525,0.1238803659963759
joint,timer_xl_gaugeformer,43,steel_industry,0.3265062596906613,0.5862878992983449
joint,timer_xl_gaugeformer,71,building_energy,0.22843002990774094,0.3753742447890458
joint,timer_xl_gaugeformer,71,hydraulic,0.060255485514508975,0.12312241626469239
joint,timer_xl_gaugeformer,71,metropt,0.38542733771098064,1.015236130966912
joint,timer_xl_gaugeformer,71,pmsm,0.04447479992600919,0.12368004458005182
joint,timer_xl_gaugeformer,71,steel_industry,0.3278524571707329,0.5884948644370427
joint,timer_xl_gaugeformer,101,building_energy,0.2307741760710684,0.3782176568839954
joint,timer_xl_gaugeformer,101,hydraulic,0.06172558915434611,0.12389509348226566
joint,timer_xl_gaugeformer,101,metropt,0.3898596211129699,1.0125500096598532
joint,timer_xl_gaugeformer,101,pmsm,0.044439999064189516,0.1236490585371215
joint,timer_xl_gaugeformer,101,steel_industry,0.3265372424203773,0.5857340985703887
joint,unitime,17,building_energy,0.29070870111044667,0.4412039450394782
joint,unitime,17,hydraulic,0.06585615565599147,0.119728477594342
joint,unitime,17,metropt,0.4738912884016467,1.0744685036943304
joint,unitime,17,pmsm,0.051543491762461015,0.1340562533341846
joint,unitime,17,steel_industry,0.40039974954234137,0.6073281902033596
joint,unitime,29,building_energy,0.29055435945795044,0.445101008499056
joint,unitime,29,hydraulic,0.08028815448656791,0.13405986653722382
joint,unitime,29,metropt,0.4897676462861554,1.0997872394967942
joint,unitime,29,pmsm,0.052507762493551914,0.1359433394678017
joint,unitime,29,steel_industry,0.4134448379892211,0.6185510759371204
joint,unitime,43,building_energy,0.2946895009961984,0.43824170955058067
joint,unitime,43,hydraulic,0.07525309244706499,0.1295429746572426
joint,unitime,43,metropt,0.5084639651145829,1.070390330350022
joint,unitime,43,pmsm,0.05386369993055721,0.13745616524991833
joint,unitime,43,steel_industry,0.3860771209132459,0.6050812174327654
joint,unitime,71,building_energy,0.28390111866822243,0.43349934170434995
joint,unitime,71,hydraulic,0.061176501464002365,0.11718196816876664
joint,unitime,71,metropt,0.49401815613613037,1.1178641558649065
joint,unitime,71,pmsm,0.051841002806129556,0.13516844107556023
joint,unitime,71,steel_industry,0.40875934221199817,0.6206048690145269
joint,unitime,101,building_energy,0.2915414831397063,0.43429596812973464
joint,unitime,101,hydraulic,0.06764401070710757,0.12403429618647033
joint,unitime,101,metropt,0.4954006119768809,1.1071418702115068
joint,unitime,101,pmsm,0.054128623229484536,0.13797482652052803
joint,unitime,101,steel_industry,0.3965082963532608,0.5981086263364368
joint,gtm,17,building_energy,0.27386271613144403,0.41824035830112316
joint,gtm,17,hydraulic,0.03708502289290912,0.08643855772774822
joint,gtm,17,metropt,0.48564486561686376,1.093338773304168
joint,gtm,17,pmsm,0.05577863665057384,0.1417860031309696
joint,gtm,17,steel_industry,0.36836850416301237,0.595637917929103
joint,gtm,29,building_energy,0.2711115860687464,0.41831498483177015
joint,gtm,29,hydraulic,0.0342960450495286,0.0843264753409011
joint,gtm,29,metropt,0.49460830307385095,1.101495325108924
joint,gtm,29,pmsm,0.056346554517785495,0.14214562154245644
joint,gtm,29,steel_industry,0.3796387042349837,0.5999107055485879
joint,gtm,43,building_energy,0.2752839567878373,0.422107860336778
joint,gtm,43,hydraulic,0.03687343493838072,0.08715729617360256
joint,gtm,43,metropt,0.502867392889318,1.099071628686834
joint,gtm,43,pmsm,0.05545106885834445,0.14130259433545414
joint,gtm,43,steel_industry,0.37624514486600324,0.5960318076085637
joint,gtm,71,building_energy,0.273855588796949,0.41895279313798334
joint,gtm,71,hydraulic,0.03775143303574682,0.08760138917618027
joint,gtm,71,metropt,0.5058282008682117,1.1049214435298558
joint,gtm,71,pmsm,0.05598941574662015,0.14183530002513925
joint,gtm,71,steel_industry,0.3787327083449774,0.5994675932459144
joint,gtm,101,building_energy,0.2697677523321357,0.4161083962860224
joint,gtm,101,hydraulic,0.03598505561528995,0.08595773438090576
joint,gtm,101,metropt,0.4749193756251761,1.0834631821843654
joint,gtm,101,pmsm,0.05592643174028247,0.14187331832708377
joint,gtm,101,steel_industry,0.37924163275989553,0.6005795668507807
joint,cpiri,17,building_energy,0.28569403720915293,0.4572940506283354
joint,cpiri,17,hydraulic,1.3100467483850633,1.3825985794310018
joint,cpiri,17,metropt,0.4484758464834813,1.3377263155444055
joint,cpiri,17,pmsm,0.06079296605762272,0.13054042113268235
joint,cpiri,17,steel_industry,0.3297737967509556,0.6235659415223764
joint,cpiri,29,building_energy,0.2872153056500171,0.4560374496523585
joint,cpiri,29,hydraulic,1.190342648971699,1.2597625320572712
joint,cpiri,29,metropt,0.43187958938767407,1.2895690889030345
joint,cpiri,29,pmsm,0.06512126158126004,0.13244011670568726
joint,cpiri,29,steel_industry,0.3279129226393155,0.6291289645271678
joint,cpiri,43,building_energy,0.2732111874103597,0.44137465242372126
joint,cpiri,43,hydraulic,1.2989071233269047,1.3713071810446404
joint,cpiri,43,metropt,0.4242187062976273,1.250995059606289
joint,cpiri,43,pmsm,0.0573270808202905,0.13007766059976306
joint,cpiri,43,steel_industry,0.33819467401215947,0.6422344271238375
joint,cpiri,71,building_energy,0.264356365530898,0.4273262784644204
joint,cpiri,71,hydraulic,1.1793038519355326,1.2515136431354126
joint,cpiri,71,metropt,0.4132616601824632,1.2163720853913793
joint,cpiri,71,pmsm,0.06844822239263339,0.13569049004760456
joint,cpiri,71,steel_industry,0.32599349756691054,0.6235101066233091
joint,cpiri,101,building_energy,0.27316140201446487,0.4368127846205514
joint,cpiri,101,hydraulic,1.165319038466399,1.226246867600977
joint,cpiri,101,metropt,0.4094101627960463,1.2057464901176946
joint,cpiri,101,pmsm,0.06306664076451775,0.13280888649368552
joint,cpiri,101,steel_industry,0.3300900841971702,0.6237306566410543
joint,tefn,17,building_energy,0.36943538189752384,0.5237945532337316
joint,tefn,17,hydraulic,0.07899746493497284,0.13079828296042975
joint,tefn,17,metropt,0.623387106943211,1.1628183196462716
joint,tefn,17,pmsm,0.06255339768382835,0.15660437373199668
joint,tefn,17,steel_industry,0.49366504904261144,0.7463707848101933
joint,tefn,29,building_energy,0.3733028405227464,0.5241762750447516
joint,tefn,29,hydraulic,0.07268485670443654,0.12372624567319551
joint,tefn,29,metropt,0.6270825527964313,1.1605448986327949
joint,tefn,29,pmsm,0.06372628619562924,0.1578491278868331
joint,tefn,29,steel_industry,0.4912830836102735,0.7356820591704085
joint,tefn,43,building_energy,0.3933358317850196,0.5443906271800144
joint,tefn,43,hydraulic,0.07325540169658996,0.12333760575715405
joint,tefn,43,metropt,0.6365020788579743,1.159104766340173
joint,tefn,43,pmsm,0.0673540512272794,0.16521265909786265
joint,tefn,43,steel_industry,0.46518030608056016,0.7092086946249925
joint,tefn,71,building_energy,0.3800572682028329,0.5327717145111645
joint,tefn,71,hydraulic,0.08272435612377527,0.13007115442853534
joint,tefn,71,metropt,0.6300613423630168,1.161951127845264
joint,tefn,71,pmsm,0.06508652019168756,0.16143473540797057
joint,tefn,71,steel_industry,0.4706128913987967,0.7144133892230728
joint,tefn,101,building_energy,0.3915048983186193,0.5436384495362049
joint,tefn,101,hydraulic,0.07804856539749759,0.1282233468028008
joint,tefn,101,metropt,0.6360289277496908,1.1603354228142106
joint,tefn,101,pmsm,0.06682821882093117,0.16444580393956132
joint,tefn,101,steel_industry,0.4684940364912185,0.7093865480250259
joint,tggc,17,building_energy,0.5055181389929537,0.6913282546709391
joint,tggc,17,hydraulic,1.1360693825423827,1.3234874339058222
joint,tggc,17,metropt,0.7094563684288266,2.07890756819214
joint,tggc,17,pmsm,0.10892891555721838,0.18623059755712992
joint,tggc,17,steel_industry,0.44667702163411044,0.6776889901857724
joint,tggc,29,building_energy,0.5767214193821855,0.7505608505257704
joint,tggc,29,hydraulic,1.4212515367991063,1.671024168361967
joint,tggc,29,metropt,1.049961665095506,10.232952598643001
joint,tggc,29,pmsm,0.16300074607694806,0.24382473380440703
joint,tggc,29,steel_industry,0.5096476623355837,0.7525071309718029
joint,tggc,43,building_energy,1.4770252560879304,1.742591104745342
joint,tggc,43,hydraulic,3.0993962932442853,3.5334774330484953
joint,tggc,43,metropt,1.7968394990399472,12.56588317321315
joint,tggc,43,pmsm,0.7299186943026316,0.893374813144412
joint,tggc,43,steel_industry,0.7690589296350272,0.9272693816854186
joint,tggc,71,building_energy,1.5871247633286936,2.3450863572593468
joint,tggc,71,hydraulic,3.2664995273744464,3.8367510951243635
joint,tggc,71,metropt,1.5929060224158473,9.826407746541966
joint,tggc,71,pmsm,0.706881803256589,0.8615985208258695
joint,tggc,71,steel_industry,0.726437145128158,0.8970994271715217
joint,tggc,101,building_energy,0.7207683967432958,0.9270514120040119
joint,tggc,101,hydraulic,2.0027259580740653,2.2857559310914257
joint,tggc,101,metropt,1.1648915150993904,9.880524721242622
joint,tggc,101,pmsm,0.13468334215905842,0.2189547854746353
joint,tggc,101,steel_industry,0.516671572876524,0.7483316006816821
joint,gtm_gaugeformer,17,building_energy,0.2589565716544565,0.41542186100105916
joint,gtm_gaugeformer,17,hydraulic,0.061584520673534725,0.13179047603413177
joint,gtm_gaugeformer,17,metropt,0.47705002956160364,1.104208654803337
joint,gtm_gaugeformer,17,pmsm,0.04890704883910594,0.13060193851750393
joint,gtm_gaugeformer,17,steel_industry,0.36259094592514823,0.6160392374248689
joint,gtm_gaugeformer,29,building_energy,0.2585241799263765,0.4166851122757715
joint,gtm_gaugeformer,29,hydraulic,0.06040381278342107,0.13131020878540886
joint,gtm_gaugeformer,29,metropt,0.48290848751163606,1.105818518454186
joint,gtm_gaugeformer,29,pmsm,0.049180235978398594,0.13091010210104828
joint,gtm_gaugeformer,29,steel_industry,0.3696347580061201,0.616123042365971
joint,gtm_gaugeformer,43,building_energy,0.2604468197039684,0.41770421441788336
joint,gtm_gaugeformer,43,hydraulic,0.06217059451437985,0.1334049152043511
joint,gtm_gaugeformer,43,metropt,0.49102000017889214,1.1216208763268598
joint,gtm_gaugeformer,43,pmsm,0.04877915670162203,0.1304071531794515
joint,gtm_gaugeformer,43,steel_industry,0.36712797661206087,0.6145754719416736
joint,gtm_gaugeformer,71,building_energy,0.2573393555845651,0.4142321114786621
joint,gtm_gaugeformer,71,hydraulic,0.06122079212363914,0.13196971398959698
joint,gtm_gaugeformer,71,metropt,0.49106927698537384,1.1120399106368914
joint,gtm_gaugeformer,71,pmsm,0.04899927535319725,0.13066322629774643
joint,gtm_gaugeformer,71,steel_industry,0.3697958938998994,0.6185253813919906
joint,gtm_gaugeformer,101,building_energy,0.2572329172995241,0.41544048408361234
joint,gtm_gaugeformer,101,hydraulic,0.06044350458907258,0.13164215088401426
joint,gtm_gaugeformer,101,metropt,0.46959562397746607,1.0975939989218044
joint,gtm_gaugeformer,101,pmsm,0.04898122464278576,0.13078774253057296
joint,gtm_gaugeformer,101,steel_industry,0.36962455315338644,0.619137627675253
