system,seed,method,sd_nmae
building_energy,0,persistence,0.28397993664201143
building_energy,0,damped_trend_12_0.8,0.2731101658844471
building_energy,0,damped_trend_24_0.9,0.27653918322093585
building_energy,0,recent_median_6,0.32671465971110963
building_energy,0,recent_median_12,0.36949934809708657
building_energy,0,recent_median_24,0.43282377941379496
building_energy,0,holt_0.3_0.1_0.8,0.3010350643491791
building_energy,0,holt_0.3_0.1_0.95,0.2937451277724103
building_energy,0,history_local,0.2656121176151924
building_energy,0,mean_bank,0.30122678779402656
building_energy,17,moirai,0.2533334554371515
building_energy,17,gaugeformer_v13,0.24866852684523028
building_energy,17,blend_persistence,0.2597799410908884
building_energy,17,blend_history,0.24970375794038097
building_energy,29,moirai,0.2525880966167548
building_energy,29,gaugeformer_v13,0.24849582758718114
building_energy,29,blend_persistence,0.25932102492126746
building_energy,29,blend_history,0.249252657821871
building_energy,43,moirai,0.2524435636228988
building_energy,43,gaugeformer_v13,0.2486690002830425
building_energy,43,blend_persistence,0.2594223773057375
building_energy,43,blend_history,0.24929756899148017
building_energy,71,moirai,0.2522291220393208
building_energy,71,gaugeformer_v13,0.24808266351302566
building_energy,71,blend_persistence,0.2591791412703022
building_energy,71,blend_history,0.24919424642847135
building_energy,101,moirai,0.25261603859786247
building_energy,101,gaugeformer_v13,0.24839618769837074
building_energy,101,blend_persistence,0.25958970914476726
building_energy,101,blend_history,0.2495429270246179
hydraulic,0,persistence,0.10601000328957268
hydraulic,0,damped_trend_12_0.8,0.10773988127508538
hydraulic,0,damped_trend_24_0.9,0.10819273901435626
hydraulic,0,recent_median_6,0.1050170026728567
hydraulic,0,recent_median_12,0.10693168543413017
hydraulic,0,recent_median_24,0.11374105366618882
hydraulic,0,holt_0.3_0.1_0.8,0.10409318230232584
hydraulic,0,holt_0.3_0.1_0.95,0.10163294861136922
hydraulic,0,history_local,0.10475396479058051
hydraulic,0,mean_bank,0.10353875244842298
hydraulic,17,moirai,0.11051754123620991
hydraulic,17,gaugeformer_v13,0.1066064216128813
hydraulic,17,blend_persistence,0.10641190184308416
hydraulic,17,blend_history,0.10542774347246812
hydraulic,29,moirai,0.1107469543692279
hydraulic,29,gaugeformer_v13,0.1068015318360781
hydraulic,29,blend_persistence,0.1065348235787228
hydraulic,29,blend_history,0.10555982252799044
hydraulic,43,moirai,0.11034860706032112
hydraulic,43,gaugeformer_v13,0.10662137206963432
hydraulic,43,blend_persistence,0.1063575954795119
hydraulic,43,blend_history,0.10538595673396743
hydraulic,71,moirai,0.11027603010594877
hydraulic,71,gaugeformer_v13,0.10653713221824326
hydraulic,71,blend_persistence,0.10632573855016529
hydraulic,71,blend_history,0.10534963713146611
hydraulic,101,moirai,0.1106771203902119
hydraulic,101,gaugeformer_v13,0.10665155420841813
hydraulic,101,blend_persistence,0.10646914875005241
hydraulic,101,blend_history,0.10548902366409924
metropt,0,persistence,0.542193704572725
metropt,0,damped_trend_12_0.8,0.5394427922134492
metropt,0,damped_trend_24_0.9,0.5437282276316903
metropt,0,recent_median_6,0.6072092362618212
metropt,0,recent_median_12,0.6871621430572845
metropt,0,recent_median_24,0.7953664554370222
metropt,0,holt_0.3_0.1_0.8,0.5877932733493164
metropt,0,holt_0.3_0.1_0.95,0.6898302818130841
metropt,0,history_local,0.521802185425467
metropt,0,mean_bank,0.5849089052897776
metropt,17,moirai,0.48126194265974054
metropt,17,gaugeformer_v13,0.47369159118785426
metropt,17,blend_persistence,0.49789643298099495
metropt,17,blend_history,0.4888949253068589
metropt,29,moirai,0.4819910886247946
metropt,29,gaugeformer_v13,0.47474457730426206
metropt,29,blend_persistence,0.4985937157406294
metropt,29,blend_history,0.4895184698498906
metropt,43,moirai,0.48089328221191424
metropt,43,gaugeformer_v13,0.4731438588259015
metropt,43,blend_persistence,0.4976730421702973
metropt,43,blend_history,0.48854879121791406
metropt,71,moirai,0.48327988059055776
metropt,71,gaugeformer_v13,0.4760751543715238
metropt,71,blend_persistence,0.4995100094374438
metropt,71,blend_history,0.49026680401206796
metropt,101,moirai,0.48074829254701906
metropt,101,gaugeformer_v13,0.47316749275006054
metropt,101,blend_persistence,0.497529958650261
metropt,101,blend_history,0.48853351380125176
pmsm,0,persistence,0.04548985107106062
pmsm,0,damped_trend_12_0.8,0.04712267730724112
pmsm,0,damped_trend_24_0.9,0.04921725619681294
pmsm,0,recent_median_6,0.051366416161835564
pmsm,0,recent_median_12,0.05677220945908412
pmsm,0,recent_median_24,0.06542219660794306
pmsm,0,holt_0.3_0.1_0.8,0.04811337575364533
pmsm,0,holt_0.3_0.1_0.95,0.05222004830816334
pmsm,0,history_local,0.044878752037414676
pmsm,0,mean_bank,0.04823321893285085
pmsm,17,moirai,0.04650087652687338
pmsm,17,gaugeformer_v13,0.04601984863799491
pmsm,17,blend_persistence,0.04444806662626644
pmsm,17,blend_history,0.044146163946121114
pmsm,29,moirai,0.046390526801255605
pmsm,29,gaugeformer_v13,0.04593366135487661
pmsm,29,blend_persistence,0.04441152549214857
pmsm,29,blend_history,0.0441067728506754
pmsm,43,moirai,0.04637971822150581
pmsm,43,gaugeformer_v13,0.04591149299718802
pmsm,43,blend_persistence,0.04441509266324018
pmsm,43,blend_history,0.04410913079030595
pmsm,71,moirai,0.046404718044632066
pmsm,71,gaugeformer_v13,0.04593900620238923
pmsm,71,blend_persistence,0.04441691931598694
pmsm,71,blend_history,0.04411085229925101
pmsm,101,moirai,0.04634734700404902
pmsm,101,gaugeformer_v13,0.04587983338341478
pmsm,101,blend_persistence,0.044398794443969776
pmsm,101,blend_history,0.04408859921163308
steel_industry,0,persistence,0.4672232548428286
steel_industry,0,damped_trend_12_0.8,0.49058868200892986
steel_industry,0,damped_trend_24_0.9,0.4754576679979416
steel_industry,0,recent_median_6,0.489808740012442
steel_industry,0,recent_median_12,0.5222189179721406
steel_industry,0,recent_median_24,0.719736488608696
steel_industry,0,holt_0.3_0.1_0.8,0.48384750622203726
steel_industry,0,holt_0.3_0.1_0.95,0.6237420997254466
steel_industry,0,history_local,0.47518073398587496
steel_industry,0,mean_bank,0.482876032877091
steel_industry,17,moirai,0.4725436654433324
steel_industry,17,gaugeformer_v13,0.46986377754152564
steel_industry,17,blend_persistence,0.46668404336561276
steel_industry,17,blend_history,0.4691101787787645
steel_industry,29,moirai,0.4718687998556882
steel_industry,29,gaugeformer_v13,0.46977137700123145
steel_industry,29,blend_persistence,0.46644687591494083
steel_industry,29,blend_history,0.4688380910746529
steel_industry,43,moirai,0.47228112766127667
steel_industry,43,gaugeformer_v13,0.47006194694635495
steel_industry,43,blend_persistence,0.4666000986248326
steel_industry,43,blend_history,0.46909740520048027
steel_industry,71,moirai,0.4720028669506182
steel_industry,71,gaugeformer_v13,0.4693138621684973
steel_industry,71,blend_persistence,0.4665942465192116
steel_industry,71,blend_history,0.4691521842159553
steel_industry,101,moirai,0.47192120112997527
steel_industry,101,gaugeformer_v13,0.46891025292651245
steel_industry,101,blend_persistence,0.46646312047357164
steel_industry,101,blend_history,0.46884441517041553
