method,backbone,system,batch_size,median_ms,mean_ms,p95_ms,windows_per_second,resident_allocated_mib,total_peak_allocated_mib,incremental_peak_allocated_mib,peak_reserved_mib,backbone_calls_per_window,gpu_uuid,exclusive_checks_before_and_after_every_measurement
gtm,gtm,building_energy,1,19.60832701297477,19.579306698869914,20.658058999106288,51.074331455143835,157.04931640625,159.2841796875,2.23486328125,166.0,1,GPU-d7491bec-63e8-f90e-eb2e-22f5a3c72eee,True
gtm_gaugeformer,gtm,building_energy,1,99.83823503716849,104.28107260668185,118.79116767377128,9.589467915924798,157.04931640625,159.3037109375,2.25439453125,166.0,5,GPU-d7491bec-63e8-f90e-eb2e-22f5a3c72eee,True
gtm,gtm,building_energy,8,33.84177997941151,31.640444041113366,35.014263782068156,252.84095221940808,157.11572265625,167.365234375,10.24951171875,172.0,1,GPU-d7491bec-63e8-f90e-eb2e-22f5a3c72eee,True
gtm_gaugeformer,gtm,building_energy,8,101.60351550439373,103.88139814604074,117.29137943475509,77.01090034188096,157.11572265625,167.59375,10.47802734375,174.0,5,GPU-d7491bec-63e8-f90e-eb2e-22f5a3c72eee,True
gtm,gtm,hydraulic,1,27.354123478289694,25.31238535011653,28.882214569603093,39.50635177871122,157.0458984375,158.90380859375,1.85791015625,174.0,1,GPU-d7491bec-63e8-f90e-eb2e-22f5a3c72eee,True
gtm_gaugeformer,gtm,hydraulic,1,92.61836396763101,95.60824814834632,105.42861350986641,10.459348637456406,157.0458984375,158.91796875,1.8720703125,174.0,5,GPU-d7491bec-63e8-f90e-eb2e-22f5a3c72eee,True
gtm,gtm,hydraulic,8,27.979643986327574,25.910192099399865,29.587301329593174,308.75880693240003,157.08935546875,163.9306640625,6.84130859375,174.0,1,GPU-d7491bec-63e8-f90e-eb2e-22f5a3c72eee,True
gtm_gaugeformer,gtm,hydraulic,8,108.8025365024805,109.21642440371215,113.54508086224087,73.24905611658248,157.08935546875,164.0810546875,6.99169921875,174.0,5,GPU-d7491bec-63e8-f90e-eb2e-22f5a3c72eee,True
gtm,gtm,metropt,1,31.277755013434216,30.6693085556617,32.50415965158027,32.60588670217657,157.044921875,158.77783203125,1.73291015625,174.0,1,GPU-d7491bec-63e8-f90e-eb2e-22f5a3c72eee,True
gtm_gaugeformer,gtm,metropt,1,107.25701300543733,127.58759954303969,195.80582511553078,7.837752286127662,157.044921875,158.787109375,1.7421875,174.0,5,GPU-d7491bec-63e8-f90e-eb2e-22f5a3c72eee,True
gtm,gtm,metropt,8,30.42705002008006,29.332410596543923,32.83363636874129,272.7358521615198,157.08056640625,162.9111328125,5.83056640625,174.0,1,GPU-d7491bec-63e8-f90e-eb2e-22f5a3c72eee,True
gtm_gaugeformer,gtm,metropt,8,110.6902064930182,115.39895284804516,150.86697969818488,69.32471918124098,157.08056640625,163.0146484375,5.93408203125,174.0,5,GPU-d7491bec-63e8-f90e-eb2e-22f5a3c72eee,True
gtm,gtm,pmsm,1,31.459808495128527,28.4747538913507,34.5056659221882,35.118828553027576,157.0439453125,158.69287109375,1.64892578125,174.0,1,GPU-d7491bec-63e8-f90e-eb2e-22f5a3c72eee,True
gtm_gaugeformer,gtm,pmsm,1,98.17843601922505,100.90861229982693,114.88283662474714,9.909956912584708,157.0439453125,158.703125,1.6591796875,174.0,5,GPU-d7491bec-63e8-f90e-eb2e-22f5a3c72eee,True
gtm,gtm,pmsm,8,28.966529498575255,27.81717239995487,30.491367005743086,287.59213499402904,157.07470703125,162.236328125,5.16162109375,174.0,1,GPU-d7491bec-63e8-f90e-eb2e-22f5a3c72eee,True
gtm_gaugeformer,gtm,pmsm,8,111.89117497997358,113.30315499799326,123.74680009961594,70.60703649551233,157.07470703125,162.341796875,5.26708984375,174.0,5,GPU-d7491bec-63e8-f90e-eb2e-22f5a3c72eee,True
gtm,gtm,steel_industry,1,31.12751548178494,31.25257670180872,35.740770993288606,31.99736167488954,157.0419921875,158.44091796875,1.39892578125,174.0,1,GPU-d7491bec-63e8-f90e-eb2e-22f5a3c72eee,True
gtm_gaugeformer,gtm,steel_industry,1,93.1436415121425,96.42919125035405,114.13840990862809,10.370303712324542,157.0419921875,158.4453125,1.4033203125,174.0,5,GPU-d7491bec-63e8-f90e-eb2e-22f5a3c72eee,True
gtm,gtm,steel_industry,8,28.641333512496203,27.56517869711388,30.549121907097287,290.2212275822327,157.05712890625,160.2099609375,3.15283203125,174.0,1,GPU-d7491bec-63e8-f90e-eb2e-22f5a3c72eee,True
gtm_gaugeformer,gtm,steel_industry,8,114.84965399722569,115.66804875328671,124.92560437240172,69.16343870435249,157.05712890625,160.2607421875,3.20361328125,174.0,5,GPU-d7491bec-63e8-f90e-eb2e-22f5a3c72eee,True
moirai,moirai,building_energy,1,21.730081498390064,21.912820840952918,24.387085073976777,45.63538429206238,62.15478515625,145.21923828125,83.064453125,194.0,1,GPU-d7491bec-63e8-f90e-eb2e-22f5a3c72eee,True
gaugeformer_v13,moirai,building_energy,1,124.70658149686642,123.53870824736077,130.92852382687852,8.0946289158027,62.15478515625,145.21923828125,83.064453125,194.0,5,GPU-d7491bec-63e8-f90e-eb2e-22f5a3c72eee,True
moirai,moirai,building_energy,8,33.51648198440671,33.14320539648179,38.12312278314494,241.3767740415722,62.22119140625,730.705078125,668.48388671875,1104.0,1,GPU-d7491bec-63e8-f90e-eb2e-22f5a3c72eee,True
gaugeformer_v13,moirai,building_energy,8,115.17770701902919,115.267896905425,119.26126994076185,69.40353918805198,62.22119140625,730.705078125,668.48388671875,1104.0,5,GPU-d7491bec-63e8-f90e-eb2e-22f5a3c72eee,True
moirai,moirai,hydraulic,1,26.57942150835879,26.66311234352179,30.505933464155532,37.50499893321589,62.1513671875,116.4658203125,54.314453125,1104.0,1,GPU-d7491bec-63e8-f90e-eb2e-22f5a3c72eee,True
gaugeformer_v13,moirai,hydraulic,1,119.16930499137379,119.28429635881912,128.67661019263323,8.383333184042096,62.1513671875,116.4658203125,54.314453125,1104.0,5,GPU-d7491bec-63e8-f90e-eb2e-22f5a3c72eee,True
moirai,moirai,hydraulic,8,27.119096514070407,27.53480755200144,30.989563241018914,290.54134425640825,62.19482421875,496.66748046875,434.47265625,1104.0,1,GPU-d7491bec-63e8-f90e-eb2e-22f5a3c72eee,True
gaugeformer_v13,moirai,hydraulic,8,107.11970797274262,111.56228304607794,119.47787939861887,71.7088229244628,62.19482421875,496.66748046875,434.47265625,1104.0,5,GPU-d7491bec-63e8-f90e-eb2e-22f5a3c72eee,True
moirai,moirai,metropt,1,23.707903979811817,24.456088145961985,28.56777488195803,40.88961382669505,62.150390625,101.2939453125,39.1435546875,1104.0,1,GPU-d7491bec-63e8-f90e-eb2e-22f5a3c72eee,True
gaugeformer_v13,moirai,metropt,1,117.49191200942732,117.16874445264693,124.66703100071754,8.534699289230193,62.150390625,101.2939453125,39.1435546875,1104.0,5,GPU-d7491bec-63e8-f90e-eb2e-22f5a3c72eee,True
moirai,moirai,metropt,8,59.544839488808066,65.87737250083592,89.0536286344286,121.43775163313455,62.18603515625,375.29296875,313.10693359375,1104.0,1,GPU-d7491bec-63e8-f90e-eb2e-22f5a3c72eee,True
gaugeformer_v13,moirai,metropt,8,101.42225649906322,103.32274549873546,110.97909734235147,77.42728826440167,62.18603515625,375.29296875,313.10693359375,1104.0,5,GPU-d7491bec-63e8-f90e-eb2e-22f5a3c72eee,True
moirai,moirai,pmsm,1,22.301937511656433,22.360640447004698,24.94895829586312,44.72143820612053,62.1494140625,100.4892578125,38.33984375,1104.0,1,GPU-d7491bec-63e8-f90e-eb2e-22f5a3c72eee,True
gaugeformer_v13,moirai,pmsm,1,112.99509753007442,112.08741084847134,115.85613735951483,8.921608523475303,62.1494140625,100.4892578125,38.33984375,1104.0,5,GPU-d7491bec-63e8-f90e-eb2e-22f5a3c72eee,True
moirai,moirai,pmsm,8,53.390644025057554,60.717356007080525,84.68015081016347,131.7580429402605,62.18017578125,368.86669921875,306.6865234375,1104.0,1,GPU-d7491bec-63e8-f90e-eb2e-22f5a3c72eee,True
gaugeformer_v13,moirai,pmsm,8,100.0979605014436,102.31408920662943,112.16075546981303,78.19059977012081,62.18017578125,368.86669921875,306.6865234375,1104.0,5,GPU-d7491bec-63e8-f90e-eb2e-22f5a3c72eee,True
moirai,moirai,steel_industry,1,22.508930502226576,23.08857170282863,26.105421251850206,43.31147083808081,62.1474609375,81.29248046875,19.14501953125,1104.0,1,GPU-d7491bec-63e8-f90e-eb2e-22f5a3c72eee,True
gaugeformer_v13,moirai,steel_industry,1,113.43834453145973,113.93364605610259,120.34469403442927,8.777038518609203,62.1474609375,81.29248046875,19.14501953125,1104.0,5,GPU-d7491bec-63e8-f90e-eb2e-22f5a3c72eee,True
moirai,moirai,steel_industry,8,34.032018011203036,34.23931225843262,35.31078001251444,233.64955287703603,62.16259765625,209.12353515625,146.9609375,1104.0,1,GPU-d7491bec-63e8-f90e-eb2e-22f5a3c72eee,True
gaugeformer_v13,moirai,steel_industry,8,122.56906999391504,120.68864859757014,132.52395086165052,66.28626712588003,62.16259765625,209.12353515625,146.9609375,1104.0,5,GPU-d7491bec-63e8-f90e-eb2e-22f5a3c72eee,True
tefn,tefn,building_energy,1,2.8082829958293587,2.870500148856081,3.713953201076947,348.37134580832844,8.18212890625,8.2763671875,0.09423828125,22.0,1,GPU-d7491bec-63e8-f90e-eb2e-22f5a3c72eee,True
tefn,tefn,building_energy,8,3.3307624980807304,3.2524448964977637,4.020914071588778,2459.688097595261,8.24951171875,8.974609375,0.72509765625,22.0,1,GPU-d7491bec-63e8-f90e-eb2e-22f5a3c72eee,True
tefn,tefn,hydraulic,1,3.8618760008830577,3.8592838041950017,5.136883194791154,259.1154345562797,8.1787109375,8.26953125,0.0908203125,22.0,1,GPU-d7491bec-63e8-f90e-eb2e-22f5a3c72eee,True
tefn,tefn,hydraulic,8,3.6350105074234307,3.5289764462504536,4.472563072340563,2266.946272339114,8.22314453125,8.921875,0.69873046875,22.0,1,GPU-d7491bec-63e8-f90e-eb2e-22f5a3c72eee,True
tefn,tefn,metropt,1,3.323575481772423,3.238047449849546,4.0247531520435595,308.82808713827353,8.177734375,8.267578125,0.08984375,22.0,1,GPU-d7491bec-63e8-f90e-eb2e-22f5a3c72eee,True
tefn,tefn,metropt,8,3.563352016499266,3.3461660030297935,4.269460297655314,2390.795911725952,8.21435546875,8.904296875,0.68994140625,22.0,1,GPU-d7491bec-63e8-f90e-eb2e-22f5a3c72eee,True
tefn,tefn,pmsm,1,3.5406509996391833,3.6069307971047238,5.093951878370717,277.244021649292,8.1767578125,8.265625,0.0888671875,22.0,1,GPU-d7491bec-63e8-f90e-eb2e-22f5a3c72eee,True
tefn,tefn,pmsm,8,2.822069509420544,2.9949605464935303,4.117948416387665,2671.1537183240425,8.20849609375,8.892578125,0.68408203125,22.0,1,GPU-d7491bec-63e8-f90e-eb2e-22f5a3c72eee,True
tefn,tefn,steel_industry,1,3.444049507379532,3.2888361485674977,3.9419649983756244,304.05892991524223,8.1748046875,8.26171875,0.0869140625,22.0,1,GPU-d7491bec-63e8-f90e-eb2e-22f5a3c72eee,True
tefn,tefn,steel_industry,8,3.6157069844193757,3.390924498671666,4.342386874486692,2359.2386097460612,8.19091796875,8.857421875,0.66650390625,22.0,1,GPU-d7491bec-63e8-f90e-eb2e-22f5a3c72eee,True
tggc,tggc,building_energy,1,4.973120026988909,4.881757262046449,5.666165516595356,204.84426945488818,12.2705078125,20.39306640625,8.12255859375,26.0,1,GPU-d7491bec-63e8-f90e-eb2e-22f5a3c72eee,True
tggc,tggc,building_energy,8,17.951349494978786,17.948689401964657,19.608664608676918,445.7149946070337,12.3369140625,20.54296875,8.2060546875,26.0,1,GPU-d7491bec-63e8-f90e-eb2e-22f5a3c72eee,True
tggc,tggc,hydraulic,1,5.115261970786378,4.965094738872722,5.890137975802645,201.40602598592926,12.26708984375,20.38623046875,8.119140625,26.0,1,GPU-d7491bec-63e8-f90e-eb2e-22f5a3c72eee,True
tggc,tggc,hydraulic,8,18.082402471918613,18.001511695911177,19.280846283072606,444.4071217539526,12.310546875,20.48681640625,8.17626953125,26.0,1,GPU-d7491bec-63e8-f90e-eb2e-22f5a3c72eee,True
tggc,tggc,metropt,1,5.5305775022134185,5.381177755771205,6.443957443116234,185.8329245726031,12.26611328125,20.38427734375,8.1181640625,26.0,1,GPU-d7491bec-63e8-f90e-eb2e-22f5a3c72eee,True
tggc,tggc,metropt,8,17.950097972061485,18.198389749159105,19.91344748530537,439.59933325252894,12.3017578125,20.4658203125,8.1640625,26.0,1,GPU-d7491bec-63e8-f90e-eb2e-22f5a3c72eee,True
tggc,tggc,pmsm,1,5.272860493278131,5.450254303286783,6.433457366074436,183.477677252041,12.26513671875,20.38232421875,8.1171875,26.0,1,GPU-d7491bec-63e8-f90e-eb2e-22f5a3c72eee,True
tggc,tggc,pmsm,8,17.478890484198928,17.623372355592437,18.74839583761059,453.94263019480235,12.2958984375,20.4541015625,8.158203125,26.0,1,GPU-d7491bec-63e8-f90e-eb2e-22f5a3c72eee,True
tggc,tggc,steel_industry,1,4.978320008376613,4.984252556459978,5.7776534027652815,200.63188786529733,12.26318359375,20.37841796875,8.115234375,26.0,1,GPU-d7491bec-63e8-f90e-eb2e-22f5a3c72eee,True
tggc,tggc,steel_industry,8,18.19880396942608,18.383240490220487,20.02638249832671,435.178988397385,12.2783203125,20.41552734375,8.13720703125,26.0,1,GPU-d7491bec-63e8-f90e-eb2e-22f5a3c72eee,True
timer_xl,timer_xl,building_energy,1,10.014873987529427,9.878229201422073,10.773568548029289,101.23271890229474,265.63916015625,270.3720703125,4.73291015625,284.0,1,GPU-d7491bec-63e8-f90e-eb2e-22f5a3c72eee,True
timer_xl_gaugeformer,timer_xl,building_energy,1,63.26363098924048,65.39403269998729,86.08840777887963,15.291915159717536,265.63916015625,270.3916015625,4.75244140625,284.0,5,GPU-d7491bec-63e8-f90e-eb2e-22f5a3c72eee,True
timer_xl,timer_xl,building_energy,8,21.458684001117945,21.25303246139083,22.82696863694582,376.41687201735294,265.70556640625,273.83837890625,8.1328125,292.0,1,GPU-d7491bec-63e8-f90e-eb2e-22f5a3c72eee,True
timer_xl_gaugeformer,timer_xl,building_energy,8,83.26933000353165,89.59473674476612,108.82727302378044,89.29095938738097,265.70556640625,273.99072265625,8.28515625,292.0,5,GPU-d7491bec-63e8-f90e-eb2e-22f5a3c72eee,True
timer_xl,timer_xl,hydraulic,1,17.04947100370191,17.018388040014543,19.099457701668143,58.75997172286509,265.6357421875,268.2412109375,2.60546875,292.0,1,GPU-d7491bec-63e8-f90e-eb2e-22f5a3c72eee,True
timer_xl_gaugeformer,timer_xl,hydraulic,1,83.27754749916494,84.61420685634948,91.01688757655212,11.818346317394566,265.6357421875,268.25537109375,2.61962890625,292.0,5,GPU-d7491bec-63e8-f90e-eb2e-22f5a3c72eee,True
timer_xl,timer_xl,hydraulic,8,20.750017545651644,21.162507808185183,23.68504606129136,378.027031224805,265.67919921875,270.8505859375,5.17138671875,292.0,1,GPU-d7491bec-63e8-f90e-eb2e-22f5a3c72eee,True
timer_xl_gaugeformer,timer_xl,hydraulic,8,80.17544649192132,83.72362255176995,106.0011049703462,95.55248275423406,265.67919921875,270.951171875,5.27197265625,292.0,5,GPU-d7491bec-63e8-f90e-eb2e-22f5a3c72eee,True
timer_xl,timer_xl,metropt,1,16.59227500203997,16.66625399957411,17.357906384859234,60.00148563831765,265.634765625,267.78125,2.146484375,292.0,1,GPU-d7491bec-63e8-f90e-eb2e-22f5a3c72eee,True
timer_xl_gaugeformer,timer_xl,metropt,1,85.67909899284132,85.32974200206809,87.77349552256055,11.719243215053476,265.634765625,267.79052734375,2.15576171875,292.0,5,GPU-d7491bec-63e8-f90e-eb2e-22f5a3c72eee,True
timer_xl,timer_xl,metropt,8,17.9550820030272,18.069190700771287,19.272248330526054,442.74257394707325,265.67041015625,269.88720703125,4.216796875,292.0,1,GPU-d7491bec-63e8-f90e-eb2e-22f5a3c72eee,True
timer_xl_gaugeformer,timer_xl,metropt,8,90.89149150531739,88.3002624992514,97.31729641207494,90.59995716397584,265.67041015625,269.94970703125,4.279296875,292.0,5,GPU-d7491bec-63e8-f90e-eb2e-22f5a3c72eee,True
timer_xl,timer_xl,pmsm,1,15.393012523418292,15.596470702439547,16.67708753957413,64.11706975755634,265.6337890625,267.4736328125,1.83984375,292.0,1,GPU-d7491bec-63e8-f90e-eb2e-22f5a3c72eee,True
timer_xl_gaugeformer,timer_xl,pmsm,1,86.88438902026974,86.98000964941457,98.45701000303963,11.496894562677605,265.6337890625,267.48388671875,1.85009765625,292.0,5,GPU-d7491bec-63e8-f90e-eb2e-22f5a3c72eee,True
timer_xl,timer_xl,pmsm,8,23.112887021852657,23.329071700572968,26.1854474170832,342.9197742061686,265.66455078125,269.36474609375,3.7001953125,292.0,1,GPU-d7491bec-63e8-f90e-eb2e-22f5a3c72eee,True
timer_xl_gaugeformer,timer_xl,pmsm,8,87.09193652612157,80.44846910925116,118.60451063839719,99.44253866578602,265.66455078125,269.43505859375,3.7705078125,292.0,5,GPU-d7491bec-63e8-f90e-eb2e-22f5a3c72eee,True
timer_xl,timer_xl,steel_industry,1,12.597766530234367,12.34221464546863,16.81339800124988,81.02273609113936,265.6318359375,266.80322265625,1.17138671875,292.0,1,GPU-d7491bec-63e8-f90e-eb2e-22f5a3c72eee,True
timer_xl_gaugeformer,timer_xl,steel_industry,1,83.24743603589013,81.56533779983874,90.16853015928064,12.260109833100907,265.6318359375,266.8076171875,1.17578125,292.0,5,GPU-d7491bec-63e8-f90e-eb2e-22f5a3c72eee,True
timer_xl,timer_xl,steel_industry,8,22.298752970527858,22.36340994713828,23.700490535702556,357.7271989786028,265.64697265625,267.99951171875,2.3525390625,292.0,1,GPU-d7491bec-63e8-f90e-eb2e-22f5a3c72eee,True
timer_xl_gaugeformer,timer_xl,steel_industry,8,87.32718150713481,87.73785234370735,115.63482588971965,91.18071375465767,265.64697265625,268.03271484375,2.3857421875,292.0,5,GPU-d7491bec-63e8-f90e-eb2e-22f5a3c72eee,True
