method,system,condition,relative_change
gaugeformer_v13,building_energy,reference,0.0
gaugeformer_v13,building_energy,legal_gauge_direct,-0.10257581012094175
gaugeformer_v13,building_energy,legal_gauge_canonical_preprocessing,0.0027818190828199363
gaugeformer_v13,building_energy,deletion_10,0.05639684253917476
gaugeformer_v13,building_energy,deletion_10,-0.01239272120802104
gaugeformer_v13,building_energy,deletion_10,0.010966339429718808
gaugeformer_v13,building_energy,deletion_30,0.2621535523704033
gaugeformer_v13,building_energy,deletion_30,-0.12776120009343472
gaugeformer_v13,building_energy,deletion_30,-0.4313287854313841
gaugeformer_v13,building_energy,deletion_50,-0.15953325264322915
gaugeformer_v13,building_energy,deletion_50,1.1248990789211932
gaugeformer_v13,building_energy,deletion_50,-0.23345185986648476
gaugeformer_v13,building_energy,insertion_1,-0.8712765726345606
gaugeformer_v13,building_energy,insertion_1,-0.9770603869657557
gaugeformer_v13,building_energy,insertion_1,-1.1482556375552955
gaugeformer_v13,building_energy,insertion_2,-1.2004924278590567
gaugeformer_v13,building_energy,insertion_2,-1.4678372389532623
gaugeformer_v13,building_energy,insertion_2,-1.1324001958125107
gaugeformer_v13,building_energy,insertion_4,-1.4220208743537355
gaugeformer_v13,building_energy,insertion_4,-1.5298164633660738
gaugeformer_v13,building_energy,insertion_4,-1.4839662542496135
gaugeformer_v13,hydraulic,reference,0.0
gaugeformer_v13,hydraulic,legal_gauge_direct,16.920983289378967
gaugeformer_v13,hydraulic,legal_gauge_canonical_preprocessing,16.920866512714806
gaugeformer_v13,hydraulic,deletion_10,0.3938345918197417
gaugeformer_v13,hydraulic,deletion_10,-0.5214173013810552
gaugeformer_v13,hydraulic,deletion_10,0.4352093658329892
gaugeformer_v13,hydraulic,deletion_30,-1.0796695180389948
gaugeformer_v13,hydraulic,deletion_30,-0.4496628828417504
gaugeformer_v13,hydraulic,deletion_30,-0.8335343929377181
gaugeformer_v13,hydraulic,deletion_50,-0.6684099415226963
gaugeformer_v13,hydraulic,deletion_50,-0.5534672764179516
gaugeformer_v13,hydraulic,deletion_50,-0.04728227523794759
gaugeformer_v13,hydraulic,insertion_1,0.16863678569214446
gaugeformer_v13,hydraulic,insertion_1,-0.09690056408733216
gaugeformer_v13,hydraulic,insertion_1,0.032716221140938195
gaugeformer_v13,hydraulic,insertion_2,-0.4078629099921294
gaugeformer_v13,hydraulic,insertion_2,0.21635191496376383
gaugeformer_v13,hydraulic,insertion_2,-0.267368910693655
gaugeformer_v13,hydraulic,insertion_4,-0.9662208852043719
gaugeformer_v13,hydraulic,insertion_4,-0.35540175765205184
gaugeformer_v13,hydraulic,insertion_4,0.2249182049898435
gaugeformer_v13,metropt,reference,0.0
gaugeformer_v13,metropt,legal_gauge_direct,-0.30009827412489365
gaugeformer_v13,metropt,legal_gauge_canonical_preprocessing,-0.30838592050888014
gaugeformer_v13,metropt,deletion_10,-0.1543282994110884
gaugeformer_v13,metropt,deletion_10,-0.39603097753284633
gaugeformer_v13,metropt,deletion_10,0.0956837718729231
gaugeformer_v13,metropt,deletion_30,-0.26921218791251533
gaugeformer_v13,metropt,deletion_30,0.046990519599132696
gaugeformer_v13,metropt,deletion_30,-0.3423852926985993
gaugeformer_v13,metropt,deletion_50,0.8229713420462526
gaugeformer_v13,metropt,deletion_50,0.7596941947293434
gaugeformer_v13,metropt,deletion_50,0.8266178737111884
gaugeformer_v13,metropt,insertion_1,0.36156243671838784
gaugeformer_v13,metropt,insertion_1,0.23062878278254928
gaugeformer_v13,metropt,insertion_1,0.3314476931301824
gaugeformer_v13,metropt,insertion_2,0.4666023234943584
gaugeformer_v13,metropt,insertion_2,0.507859622918927
gaugeformer_v13,metropt,insertion_2,0.45827855891860114
gaugeformer_v13,metropt,insertion_4,0.8408974788864265
gaugeformer_v13,metropt,insertion_4,0.9985768856881405
gaugeformer_v13,metropt,insertion_4,0.9746006436250676
gaugeformer_v13,pmsm,reference,0.0
gaugeformer_v13,pmsm,legal_gauge_direct,0.0392592928111668
gaugeformer_v13,pmsm,legal_gauge_canonical_preprocessing,0.020353544191253903
gaugeformer_v13,pmsm,deletion_10,-0.23153979279745274
gaugeformer_v13,pmsm,deletion_10,-0.44400583506364333
gaugeformer_v13,pmsm,deletion_10,0.21129265807695585
gaugeformer_v13,pmsm,deletion_30,0.6754241129909078
gaugeformer_v13,pmsm,deletion_30,0.1880199757767098
gaugeformer_v13,pmsm,deletion_30,0.8053224897046185
gaugeformer_v13,pmsm,deletion_50,0.488065221613021
gaugeformer_v13,pmsm,deletion_50,0.8950296268775748
gaugeformer_v13,pmsm,deletion_50,0.12000573518051727
gaugeformer_v13,pmsm,insertion_1,0.1473307885597963
gaugeformer_v13,pmsm,insertion_1,0.24022719807235138
gaugeformer_v13,pmsm,insertion_1,0.2623895014173483
gaugeformer_v13,pmsm,insertion_2,0.3056749583783658
gaugeformer_v13,pmsm,insertion_2,0.06888518488847861
gaugeformer_v13,pmsm,insertion_2,0.6421308253781177
gaugeformer_v13,pmsm,insertion_4,1.1836964966753571
gaugeformer_v13,pmsm,insertion_4,1.7996004326634285
gaugeformer_v13,pmsm,insertion_4,2.1216944385806347
gaugeformer_v13,steel_industry,reference,0.0
gaugeformer_v13,steel_industry,legal_gauge_direct,0.005400650094822268
gaugeformer_v13,steel_industry,legal_gauge_canonical_preprocessing,0.005400018197843082
gaugeformer_v13,steel_industry,deletion_10,2.7244267601183925
gaugeformer_v13,steel_industry,deletion_10,2.7244267601183925
gaugeformer_v13,steel_industry,deletion_10,2.7244267601183925
gaugeformer_v13,steel_industry,deletion_30,0.49279870556369065
gaugeformer_v13,steel_industry,deletion_30,2.7244267601183925
gaugeformer_v13,steel_industry,deletion_30,0.49279870556369065
gaugeformer_v13,steel_industry,deletion_50,0.49279870556369065
gaugeformer_v13,steel_industry,deletion_50,2.7244267601183925
gaugeformer_v13,steel_industry,deletion_50,0.49279870556369065
gaugeformer_v13,steel_industry,insertion_1,3.6497679733900057
gaugeformer_v13,steel_industry,insertion_1,2.0947485742904837
gaugeformer_v13,steel_industry,insertion_1,2.215571533408922
gaugeformer_v13,steel_industry,insertion_2,3.649181725563966
gaugeformer_v13,steel_industry,insertion_2,4.2809212680360975
gaugeformer_v13,steel_industry,insertion_2,4.017875282543071
gaugeformer_v13,steel_industry,insertion_4,4.010699361617842
gaugeformer_v13,steel_industry,insertion_4,4.790320793607772
gaugeformer_v13,steel_industry,insertion_4,4.890700524126679
unitime,building_energy,reference,0.0
unitime,building_energy,legal_gauge_direct,10.057494983336724
unitime,building_energy,legal_gauge_canonical_preprocessing,3.771086027892778e-05
unitime,building_energy,deletion_10,30.952011999580552
unitime,building_energy,deletion_10,30.920410611163618
unitime,building_energy,deletion_10,31.369548438779525
unitime,building_energy,deletion_30,36.73073111975786
unitime,building_energy,deletion_30,33.14862000883467
unitime,building_energy,deletion_30,33.252531703639136
unitime,building_energy,deletion_50,63.0883428996045
unitime,building_energy,deletion_50,63.18914336784478
unitime,building_energy,deletion_50,34.155630199387524
unitime,building_energy,insertion_1,0.0
unitime,building_energy,insertion_1,0.0
unitime,building_energy,insertion_1,0.0
unitime,building_energy,insertion_2,-8.148490771020533e-08
unitime,building_energy,insertion_2,-8.148490771020533e-08
unitime,building_energy,insertion_2,-8.148490771020533e-08
unitime,building_energy,insertion_4,0.0
unitime,building_energy,insertion_4,0.0
unitime,building_energy,insertion_4,0.0
unitime,hydraulic,reference,0.0
unitime,hydraulic,legal_gauge_direct,4242.074503076522
unitime,hydraulic,legal_gauge_canonical_preprocessing,-3.166585813563216e-05
unitime,hydraulic,deletion_10,-2.8425679587940067e-07
unitime,hydraulic,deletion_10,247.09064346867513
unitime,hydraulic,deletion_10,-2.8425679587940067e-07
unitime,hydraulic,deletion_30,246.70098762182198
unitime,hydraulic,deletion_30,245.7026095145022
unitime,hydraulic,deletion_30,234.0095626116923
unitime,hydraulic,deletion_50,283.6020586763898
unitime,hydraulic,deletion_50,225.39812516761035
unitime,hydraulic,deletion_50,233.24300592296606
unitime,hydraulic,insertion_1,1.0736944666689396e-08
unitime,hydraulic,insertion_1,1.0736944666689396e-08
unitime,hydraulic,insertion_1,1.0736944666689396e-08
unitime,hydraulic,insertion_2,2.584175562425628e-06
unitime,hydraulic,insertion_2,2.584175562425628e-06
unitime,hydraulic,insertion_2,2.584175562425628e-06
unitime,hydraulic,insertion_4,2.573438639963399e-06
unitime,hydraulic,insertion_4,2.573438639963399e-06
unitime,hydraulic,insertion_4,2.573438639963399e-06
unitime,metropt,reference,0.0
unitime,metropt,legal_gauge_direct,-7.932531340681948e-05
unitime,metropt,legal_gauge_canonical_preprocessing,2.7599897922669925e-06
unitime,metropt,deletion_10,0.0
unitime,metropt,deletion_10,0.0
unitime,metropt,deletion_10,0.0
unitime,metropt,deletion_30,1.2519437486702145e-06
unitime,metropt,deletion_30,1.2519437486702145e-06
unitime,metropt,deletion_30,1.2519437486702145e-06
unitime,metropt,deletion_50,1.1302038416260984e-06
unitime,metropt,deletion_50,1.1302038416260984e-06
unitime,metropt,deletion_50,1.1302038416260984e-06
unitime,metropt,insertion_1,0.0
unitime,metropt,insertion_1,0.0
unitime,metropt,insertion_1,0.0
unitime,metropt,insertion_2,2.1550869977460252e-07
unitime,metropt,insertion_2,2.1550869977460252e-07
unitime,metropt,insertion_2,2.1550869977460252e-07
unitime,metropt,insertion_4,-1.2169946161932899e-07
unitime,metropt,insertion_4,-1.2169946161932899e-07
unitime,metropt,insertion_4,-1.2169946161932899e-07
unitime,pmsm,reference,0.0
unitime,pmsm,legal_gauge_direct,0.40742290838282624
unitime,pmsm,legal_gauge_canonical_preprocessing,-9.075704754391012e-06
unitime,pmsm,deletion_10,96.20372545764356
unitime,pmsm,deletion_10,92.31125071094846
unitime,pmsm,deletion_10,92.18561614481484
unitime,pmsm,deletion_30,73.5074899499885
unitime,pmsm,deletion_30,73.50812909954523
unitime,pmsm,deletion_30,75.39997236189859
unitime,pmsm,deletion_50,77.98720247467091
unitime,pmsm,deletion_50,81.02935939114744
unitime,pmsm,deletion_50,79.96424115570487
unitime,pmsm,insertion_1,-5.810418257645722e-07
unitime,pmsm,insertion_1,-5.810418257645722e-07
unitime,pmsm,insertion_1,-5.810418257645722e-07
unitime,pmsm,insertion_2,8.116371352784313e-07
unitime,pmsm,insertion_2,8.116371352784313e-07
unitime,pmsm,insertion_2,8.116371352784313e-07
unitime,pmsm,insertion_4,-9.824852043038845e-08
unitime,pmsm,insertion_4,-9.824852043038845e-08
unitime,pmsm,insertion_4,-9.824852043038845e-08
unitime,steel_industry,reference,0.0
unitime,steel_industry,legal_gauge_direct,0.17932285215465082
unitime,steel_industry,legal_gauge_canonical_preprocessing,-1.3878710292125618e-06
unitime,steel_industry,deletion_10,167.7873158986535
unitime,steel_industry,deletion_10,167.7873158986535
unitime,steel_industry,deletion_10,167.7873158986535
unitime,steel_industry,deletion_30,167.84074675003978
unitime,steel_industry,deletion_30,167.7873158986535
unitime,steel_industry,deletion_30,167.84074675003978
unitime,steel_industry,deletion_50,167.84074675003978
unitime,steel_industry,deletion_50,167.7873158986535
unitime,steel_industry,deletion_50,167.84074675003978
unitime,steel_industry,insertion_1,-1.291322604402012e-08
unitime,steel_industry,insertion_1,-1.291322604402012e-08
unitime,steel_industry,insertion_1,-1.291322604402012e-08
unitime,steel_industry,insertion_2,6.90499102340425e-07
unitime,steel_industry,insertion_2,6.90499102340425e-07
unitime,steel_industry,insertion_2,6.90499102340425e-07
unitime,steel_industry,insertion_4,4.511470752532887e-07
unitime,steel_industry,insertion_4,4.511470752532887e-07
unitime,steel_industry,insertion_4,4.511470752532887e-07
moirai,building_energy,reference,0.0
moirai,building_energy,legal_gauge_direct,-0.13475286825641586
moirai,building_energy,legal_gauge_canonical_preprocessing,0.005198942289563746
moirai,building_energy,deletion_10,0.08081094386740428
moirai,building_energy,deletion_10,-0.045865597045202655
moirai,building_energy,deletion_10,0.02610138091998504
moirai,building_energy,deletion_30,0.022738323115678583
moirai,building_energy,deletion_30,0.302608100406343
moirai,building_energy,deletion_30,-0.08501244806565778
moirai,building_energy,deletion_50,-0.10980740972228453
moirai,building_energy,deletion_50,0.9966162787072408
moirai,building_energy,deletion_50,-0.2683244529106177
moirai,building_energy,insertion_1,-0.618595577768144
moirai,building_energy,insertion_1,-0.5355357170363839
moirai,building_energy,insertion_1,-0.7183567501976129
moirai,building_energy,insertion_2,-0.6571275900237872
moirai,building_energy,insertion_2,-0.9343212329994244
moirai,building_energy,insertion_2,-0.6154099944374769
moirai,building_energy,insertion_4,-0.8653165859304646
moirai,building_energy,insertion_4,-0.9116534483779803
moirai,building_energy,insertion_4,-0.8905079461765442
moirai,hydraulic,reference,0.0
moirai,hydraulic,legal_gauge_direct,35.89276423369547
moirai,hydraulic,legal_gauge_canonical_preprocessing,35.89254930682113
moirai,hydraulic,deletion_10,1.1786540764302522
moirai,hydraulic,deletion_10,-0.9934376696028813
moirai,hydraulic,deletion_10,1.1806933818333087
moirai,hydraulic,deletion_30,-2.484402876821812
moirai,hydraulic,deletion_30,-1.087717880332173
moirai,hydraulic,deletion_30,-1.9399320202050152
moirai,hydraulic,deletion_50,-1.908514501211589
moirai,hydraulic,deletion_50,-1.2434016924732672
moirai,hydraulic,deletion_50,0.10615123492616618
moirai,hydraulic,insertion_1,0.20054179762831748
moirai,hydraulic,insertion_1,-0.11735175175791035
moirai,hydraulic,insertion_1,0.10703938102967214
moirai,hydraulic,insertion_2,-0.8152070164985203
moirai,hydraulic,insertion_2,0.17529009572032628
moirai,hydraulic,insertion_2,-0.6380577086991801
moirai,hydraulic,insertion_4,-2.3897725220998978
moirai,hydraulic,insertion_4,-1.4725633184685227
moirai,hydraulic,insertion_4,-0.20607591362361566
moirai,metropt,reference,0.0
moirai,metropt,legal_gauge_direct,-0.041064981590333005
moirai,metropt,legal_gauge_canonical_preprocessing,-0.04889448431703025
moirai,metropt,deletion_10,-0.147080808285327
moirai,metropt,deletion_10,-0.29886620816029774
moirai,metropt,deletion_10,0.09083369242919304
moirai,metropt,deletion_30,-0.350410490708708
moirai,metropt,deletion_30,0.14846429554673524
moirai,metropt,deletion_30,-0.3702750214448325
moirai,metropt,deletion_50,0.5927680810295266
moirai,metropt,deletion_50,0.9083804963850195
moirai,metropt,deletion_50,0.8335679355311765
moirai,metropt,insertion_1,0.25133178913043785
moirai,metropt,insertion_1,0.259469898541842
moirai,metropt,insertion_1,0.221201668109261
moirai,metropt,insertion_2,0.3556195163454179
moirai,metropt,insertion_2,1.1111394336313696
moirai,metropt,insertion_2,1.0399530757227105
moirai,metropt,insertion_4,1.4161670030738094
moirai,metropt,insertion_4,1.6922937792093862
moirai,metropt,insertion_4,1.548737351751761
moirai,pmsm,reference,0.0
moirai,pmsm,legal_gauge_direct,0.033198592217353884
moirai,pmsm,legal_gauge_canonical_preprocessing,0.026396845710974226
moirai,pmsm,deletion_10,-0.21728916134670095
moirai,pmsm,deletion_10,-0.43032059739235295
moirai,pmsm,deletion_10,0.21512425917435962
moirai,pmsm,deletion_30,0.6769796057274791
moirai,pmsm,deletion_30,0.20819023051439345
moirai,pmsm,deletion_30,0.8230361782332496
moirai,pmsm,deletion_50,0.4485199994335831
moirai,pmsm,deletion_50,0.8543811538505697
moirai,pmsm,deletion_50,0.12263542424111318
moirai,pmsm,insertion_1,0.1440706456181884
moirai,pmsm,insertion_1,0.2368003573643085
moirai,pmsm,insertion_1,0.25111839146390036
moirai,pmsm,insertion_2,0.2963561328934716
moirai,pmsm,insertion_2,0.062348117926647184
moirai,pmsm,insertion_2,0.6305764326294483
moirai,pmsm,insertion_4,1.163799476816063
moirai,pmsm,insertion_4,1.7772771521564312
moirai,pmsm,insertion_4,2.098698085076567
moirai,steel_industry,reference,0.0
moirai,steel_industry,legal_gauge_direct,0.011501736002417218
moirai,steel_industry,legal_gauge_canonical_preprocessing,0.011501140809166976
moirai,steel_industry,deletion_10,2.5667889366062235
moirai,steel_industry,deletion_10,2.5667889366062235
moirai,steel_industry,deletion_10,2.5667889366062235
moirai,steel_industry,deletion_30,0.794895036609411
moirai,steel_industry,deletion_30,2.5667889366062235
moirai,steel_industry,deletion_30,0.794895036609411
moirai,steel_industry,deletion_50,0.794895036609411
moirai,steel_industry,deletion_50,2.5667889366062235
moirai,steel_industry,deletion_50,0.794895036609411
moirai,steel_industry,insertion_1,4.141597733517988
moirai,steel_industry,insertion_1,2.031568186459487
moirai,steel_industry,insertion_1,1.9829080413354294
moirai,steel_industry,insertion_2,3.8070161316143603
moirai,steel_industry,insertion_2,4.41455834027582
moirai,steel_industry,insertion_2,4.313607341069159
moirai,steel_industry,insertion_4,4.684150585575098
moirai,steel_industry,insertion_4,5.951063798863143
moirai,steel_industry,insertion_4,5.953353257972749
timer_xl,building_energy,reference,0.0
timer_xl,building_energy,legal_gauge_direct,14.446724717182157
timer_xl,building_energy,legal_gauge_canonical_preprocessing,-0.0003085746669517775
timer_xl,building_energy,deletion_10,-0.48288594079460845
timer_xl,building_energy,deletion_10,-0.12002377990741886
timer_xl,building_energy,deletion_10,0.3967139652000906
timer_xl,building_energy,deletion_30,-0.29524073238622606
timer_xl,building_energy,deletion_30,0.738860447426859
timer_xl,building_energy,deletion_30,0.6004091739209905
timer_xl,building_energy,deletion_50,1.1440371495797574
timer_xl,building_energy,deletion_50,0.42417068782658607
timer_xl,building_energy,deletion_50,1.0170116070821855
timer_xl,building_energy,insertion_1,0.11469304322655471
timer_xl,building_energy,insertion_1,0.07248426716774947
timer_xl,building_energy,insertion_1,0.05703392765943338
timer_xl,building_energy,insertion_2,0.44599099247488727
timer_xl,building_energy,insertion_2,0.3088772597093614
timer_xl,building_energy,insertion_2,0.45406166263370906
timer_xl,building_energy,insertion_4,1.1833971847201141
timer_xl,building_energy,insertion_4,1.3185007232493495
timer_xl,building_energy,insertion_4,1.211857038119435
timer_xl,hydraulic,reference,0.0
timer_xl,hydraulic,legal_gauge_direct,6540.240510624284
timer_xl,hydraulic,legal_gauge_canonical_preprocessing,0.00045762105234103956
timer_xl,hydraulic,deletion_10,6.437270506723136
timer_xl,hydraulic,deletion_10,6.05874200298866
timer_xl,hydraulic,deletion_10,6.4415594621865635
timer_xl,hydraulic,deletion_30,43.326820291744774
timer_xl,hydraulic,deletion_30,24.813738540680184
timer_xl,hydraulic,deletion_30,18.176670422639795
timer_xl,hydraulic,deletion_50,29.7874808407689
timer_xl,hydraulic,deletion_50,53.333609260002255
timer_xl,hydraulic,deletion_50,68.93981811321837
timer_xl,hydraulic,insertion_1,2.5785600785567686
timer_xl,hydraulic,insertion_1,2.428080275319844
timer_xl,hydraulic,insertion_1,3.171697124675199
timer_xl,hydraulic,insertion_2,6.5827606649179415
timer_xl,hydraulic,insertion_2,6.221877825450828
timer_xl,hydraulic,insertion_2,9.334397384491355
timer_xl,hydraulic,insertion_4,14.912018348146505
timer_xl,hydraulic,insertion_4,14.418039929776615
timer_xl,hydraulic,insertion_4,14.671547763777394
timer_xl,metropt,reference,0.0
timer_xl,metropt,legal_gauge_direct,0.8116096343574908
timer_xl,metropt,legal_gauge_canonical_preprocessing,0.00017290663623104052
timer_xl,metropt,deletion_10,1.0318365104922789
timer_xl,metropt,deletion_10,4.479779498591352
timer_xl,metropt,deletion_10,1.5915231676711272
timer_xl,metropt,deletion_30,9.837116038489047
timer_xl,metropt,deletion_30,4.741050668451119
timer_xl,metropt,deletion_30,8.161939914241723
timer_xl,metropt,deletion_50,13.407692241896573
timer_xl,metropt,deletion_50,11.527955804233315
timer_xl,metropt,deletion_50,11.32410418452916
timer_xl,metropt,insertion_1,-0.32188318337192934
timer_xl,metropt,insertion_1,1.5133649074485334
timer_xl,metropt,insertion_1,-0.5098306630618388
timer_xl,metropt,insertion_2,1.2133202297817558
timer_xl,metropt,insertion_2,2.2563141608667125
timer_xl,metropt,insertion_2,2.1434677673768388
timer_xl,metropt,insertion_4,6.631780252229591
timer_xl,metropt,insertion_4,5.98177086260665
timer_xl,metropt,insertion_4,12.4959678369998
timer_xl,pmsm,reference,0.0
timer_xl,pmsm,legal_gauge_direct,1.3240371943653573
timer_xl,pmsm,legal_gauge_canonical_preprocessing,-0.0005685823211254437
timer_xl,pmsm,deletion_10,0.07397032063833908
timer_xl,pmsm,deletion_10,-0.429528338240992
timer_xl,pmsm,deletion_10,-0.15822103092614226
timer_xl,pmsm,deletion_30,-0.30074998439613143
timer_xl,pmsm,deletion_30,-0.11381524048720282
timer_xl,pmsm,deletion_30,-0.6317495467132228
timer_xl,pmsm,deletion_50,0.4944789923709836
timer_xl,pmsm,deletion_50,0.18056943263269343
timer_xl,pmsm,deletion_50,-0.7589390151133135
timer_xl,pmsm,insertion_1,1.267150483663726
timer_xl,pmsm,insertion_1,1.2828402633807023
timer_xl,pmsm,insertion_1,1.195765827076123
timer_xl,pmsm,insertion_2,3.149385338873456
timer_xl,pmsm,insertion_2,2.7451516545724974
timer_xl,pmsm,insertion_2,3.040907593289899
timer_xl,pmsm,insertion_4,7.17353540407264
timer_xl,pmsm,insertion_4,7.075539644839113
timer_xl,pmsm,insertion_4,8.08092244108325
timer_xl,steel_industry,reference,0.0
timer_xl,steel_industry,legal_gauge_direct,0.9341555570122395
timer_xl,steel_industry,legal_gauge_canonical_preprocessing,-1.656023429497111e-07
timer_xl,steel_industry,deletion_10,5.102951838315994
timer_xl,steel_industry,deletion_10,5.102951838315994
timer_xl,steel_industry,deletion_10,5.102951838315994
timer_xl,steel_industry,deletion_30,0.6865332668142488
timer_xl,steel_industry,deletion_30,5.102951838315994
timer_xl,steel_industry,deletion_30,0.6865332668142488
timer_xl,steel_industry,deletion_50,0.6865332668142488
timer_xl,steel_industry,deletion_50,5.102951838315994
timer_xl,steel_industry,deletion_50,0.6865332668142488
timer_xl,steel_industry,insertion_1,1.1266672871468764
timer_xl,steel_industry,insertion_1,1.4379451369946228
timer_xl,steel_industry,insertion_1,1.3058252995727493
timer_xl,steel_industry,insertion_2,3.04451641053598
timer_xl,steel_industry,insertion_2,3.7681766879391843
timer_xl,steel_industry,insertion_2,3.5166491906647668
timer_xl,steel_industry,insertion_4,10.674382320004593
timer_xl,steel_industry,insertion_4,11.167944029079614
timer_xl,steel_industry,insertion_4,11.160477899861299
gtm,building_energy,reference,0.0
gtm,building_energy,legal_gauge_direct,31.018415694416813
gtm,building_energy,legal_gauge_canonical_preprocessing,2.755810575294504e-05
gtm,building_energy,deletion_10,0.0
gtm,building_energy,deletion_10,0.0
gtm,building_energy,deletion_10,0.0
gtm,building_energy,deletion_30,1.874186437156311e-05
gtm,building_energy,deletion_30,1.874186437156311e-05
gtm,building_energy,deletion_30,1.874186437156311e-05
gtm,building_energy,deletion_50,1.890563934292544e-05
gtm,building_energy,deletion_50,1.890563934292544e-05
gtm,building_energy,deletion_50,1.890563934292544e-05
gtm,building_energy,insertion_1,0.0
gtm,building_energy,insertion_1,0.0
gtm,building_energy,insertion_1,0.0
gtm,building_energy,insertion_2,0.0
gtm,building_energy,insertion_2,0.0
gtm,building_energy,insertion_2,0.0
gtm,building_energy,insertion_4,8.217598779225455e-06
gtm,building_energy,insertion_4,8.217598779225455e-06
gtm,building_energy,insertion_4,8.217598779225455e-06
gtm,hydraulic,reference,0.0
gtm,hydraulic,legal_gauge_direct,90545.20001750547
gtm,hydraulic,legal_gauge_canonical_preprocessing,1.8491326714276113e-05
gtm,hydraulic,deletion_10,1.8240722265971954e-07
gtm,hydraulic,deletion_10,1.8240722265971954e-07
gtm,hydraulic,deletion_10,1.8240722265971954e-07
gtm,hydraulic,deletion_30,1.0832915453562464e-06
gtm,hydraulic,deletion_30,1.0832915453562464e-06
gtm,hydraulic,deletion_30,1.0832915453562464e-06
gtm,hydraulic,deletion_50,-1.5338667003206297e-06
gtm,hydraulic,deletion_50,-1.5338667003206297e-06
gtm,hydraulic,deletion_50,-1.5338667003206297e-06
gtm,hydraulic,insertion_1,0.0
gtm,hydraulic,insertion_1,0.0
gtm,hydraulic,insertion_1,0.0
gtm,hydraulic,insertion_2,0.0
gtm,hydraulic,insertion_2,0.0
gtm,hydraulic,insertion_2,0.0
gtm,hydraulic,insertion_4,4.557505262070549e-07
gtm,hydraulic,insertion_4,4.557505262070549e-07
gtm,hydraulic,insertion_4,4.557505262070549e-07
gtm,metropt,reference,0.0
gtm,metropt,legal_gauge_direct,-0.0009595601932921305
gtm,metropt,legal_gauge_canonical_preprocessing,-1.7724868350832423e-06
gtm,metropt,deletion_10,0.0
gtm,metropt,deletion_10,0.0
gtm,metropt,deletion_10,0.0
gtm,metropt,deletion_30,-1.5560773680700635e-05
gtm,metropt,deletion_30,-1.5560773680700635e-05
gtm,metropt,deletion_30,-1.5560773680700635e-05
gtm,metropt,deletion_50,-1.5560773680700635e-05
gtm,metropt,deletion_50,-1.5560773680700635e-05
gtm,metropt,deletion_50,-1.5560773680700635e-05
gtm,metropt,insertion_1,-7.993667949790506e-07
gtm,metropt,insertion_1,-7.993667949790506e-07
gtm,metropt,insertion_1,-7.993667949790506e-07
gtm,metropt,insertion_2,-7.993667949790506e-07
gtm,metropt,insertion_2,-7.993667949790506e-07
gtm,metropt,insertion_2,-7.993667949790506e-07
gtm,metropt,insertion_4,0.0
gtm,metropt,insertion_4,0.0
gtm,metropt,insertion_4,0.0
gtm,pmsm,reference,0.0
gtm,pmsm,legal_gauge_direct,2.209036927411545
gtm,pmsm,legal_gauge_canonical_preprocessing,-5.086013143973389e-06
gtm,pmsm,deletion_10,3.5570155709763185e-07
gtm,pmsm,deletion_10,3.5570155709763185e-07
gtm,pmsm,deletion_10,3.5570155709763185e-07
gtm,pmsm,deletion_30,3.5570155709763185e-07
gtm,pmsm,deletion_30,3.5570155709763185e-07
gtm,pmsm,deletion_30,3.5570155709763185e-07
gtm,pmsm,deletion_50,2.5703699169099536e-07
gtm,pmsm,deletion_50,2.5703699169099536e-07
gtm,pmsm,deletion_50,2.5703699169099536e-07
gtm,pmsm,insertion_1,3.0920082050300834e-07
gtm,pmsm,insertion_1,3.0920082050300834e-07
gtm,pmsm,insertion_1,3.0920082050300834e-07
gtm,pmsm,insertion_2,3.0920082050300834e-07
gtm,pmsm,insertion_2,3.0920082050300834e-07
gtm,pmsm,insertion_2,3.0920082050300834e-07
gtm,pmsm,insertion_4,0.0
gtm,pmsm,insertion_4,0.0
gtm,pmsm,insertion_4,0.0
gtm,steel_industry,reference,0.0
gtm,steel_industry,legal_gauge_direct,0.3092059763539101
gtm,steel_industry,legal_gauge_canonical_preprocessing,-1.7408256614004358e-06
gtm,steel_industry,deletion_10,0.0
gtm,steel_industry,deletion_10,0.0
gtm,steel_industry,deletion_10,0.0
gtm,steel_industry,deletion_30,0.0
gtm,steel_industry,deletion_30,0.0
gtm,steel_industry,deletion_30,0.0
gtm,steel_industry,deletion_50,0.0
gtm,steel_industry,deletion_50,0.0
gtm,steel_industry,deletion_50,0.0
gtm,steel_industry,insertion_1,2.8487021630496656e-07
gtm,steel_industry,insertion_1,2.8487021630496656e-07
gtm,steel_industry,insertion_1,2.8487021630496656e-07
gtm,steel_industry,insertion_2,2.8487021630496656e-07
gtm,steel_industry,insertion_2,2.8487021630496656e-07
gtm,steel_industry,insertion_2,2.8487021630496656e-07
gtm,steel_industry,insertion_4,-9.348521956553668e-09
gtm,steel_industry,insertion_4,-9.348521956553668e-09
gtm,steel_industry,insertion_4,-9.348521956553668e-09
cpiri,building_energy,reference,0.0
cpiri,building_energy,legal_gauge_direct,103892.41341878704
cpiri,building_energy,legal_gauge_canonical_preprocessing,-0.00018806769891410724
cpiri,building_energy,deletion_10,-0.062134762791721254
cpiri,building_energy,deletion_10,0.25651901972580937
cpiri,building_energy,deletion_10,0.05729367516527084
cpiri,building_energy,deletion_30,0.23669112047943752
cpiri,building_energy,deletion_30,0.1439568440331218
cpiri,building_energy,deletion_30,0.7452625367552423
cpiri,building_energy,deletion_50,-0.4624585235009526
cpiri,building_energy,deletion_50,0.10374676074542677
cpiri,building_energy,deletion_50,0.1013136205577636
cpiri,building_energy,insertion_1,0.023361028333601652
cpiri,building_energy,insertion_1,0.30844227905924004
cpiri,building_energy,insertion_1,-0.01579419750470379
cpiri,building_energy,insertion_2,0.30988287651085855
cpiri,building_energy,insertion_2,0.2295312441352948
cpiri,building_energy,insertion_2,0.27789799031385787
cpiri,building_energy,insertion_4,0.4042472387178364
cpiri,building_energy,insertion_4,0.38229423284243946
cpiri,building_energy,insertion_4,0.24094361540258902
cpiri,hydraulic,reference,0.0
cpiri,hydraulic,legal_gauge_direct,90169746.24653892
cpiri,hydraulic,legal_gauge_canonical_preprocessing,-1.4622120247942405e-05
cpiri,hydraulic,deletion_10,0.6340333188623593
cpiri,hydraulic,deletion_10,-1.0302494662735806
cpiri,hydraulic,deletion_10,0.618934152730688
cpiri,hydraulic,deletion_30,-8.662287588453976
cpiri,hydraulic,deletion_30,5.512823900982666
cpiri,hydraulic,deletion_30,3.1188901554552784
cpiri,hydraulic,deletion_50,0.32398358326621857
cpiri,hydraulic,deletion_50,-1.3030351159524889
cpiri,hydraulic,deletion_50,-1.5125274584748771
cpiri,hydraulic,insertion_1,1.477341905422347
cpiri,hydraulic,insertion_1,-0.741879132945622
cpiri,hydraulic,insertion_1,-1.836054934259057
cpiri,hydraulic,insertion_2,-0.5803159035457695
cpiri,hydraulic,insertion_2,2.4132267607983593
cpiri,hydraulic,insertion_2,1.0656519742909598
cpiri,hydraulic,insertion_4,7.111511119305303
cpiri,hydraulic,insertion_4,5.913577968667094
cpiri,hydraulic,insertion_4,1.3322916926937323
cpiri,metropt,reference,0.0
cpiri,metropt,legal_gauge_direct,5813.421879445789
cpiri,metropt,legal_gauge_canonical_preprocessing,1.740541315520261e-05
cpiri,metropt,deletion_10,-0.010995743317621098
cpiri,metropt,deletion_10,-0.35708702909090784
cpiri,metropt,deletion_10,0.4353859293230622
cpiri,metropt,deletion_30,-0.0650480305651624
cpiri,metropt,deletion_30,0.47401574221876963
cpiri,metropt,deletion_30,-0.3106889931833945
cpiri,metropt,deletion_50,2.988297208049162
cpiri,metropt,deletion_50,2.187069376192774
cpiri,metropt,deletion_50,1.524490195369066
cpiri,metropt,insertion_1,0.196186328491188
cpiri,metropt,insertion_1,0.059457309733290664
cpiri,metropt,insertion_1,0.2050731639252179
cpiri,metropt,insertion_2,-0.22837685475474157
cpiri,metropt,insertion_2,-0.02676946383132206
cpiri,metropt,insertion_2,-0.05826979224321516
cpiri,metropt,insertion_4,-0.5639325915978044
cpiri,metropt,insertion_4,0.4706851381597321
cpiri,metropt,insertion_4,-0.0019092759148020555
cpiri,pmsm,reference,0.0
cpiri,pmsm,legal_gauge_direct,3167.7049891195916
cpiri,pmsm,legal_gauge_canonical_preprocessing,1.4925918323527299e-05
cpiri,pmsm,deletion_10,0.143784894171195
cpiri,pmsm,deletion_10,-0.5668974717433106
cpiri,pmsm,deletion_10,-0.2530508313496438
cpiri,pmsm,deletion_30,-0.03862230183621085
cpiri,pmsm,deletion_30,-0.6618444125338296
cpiri,pmsm,deletion_30,0.7296713594377779
cpiri,pmsm,deletion_50,0.27680572505113243
cpiri,pmsm,deletion_50,1.2897463877028947
cpiri,pmsm,deletion_50,-0.7773051421644528
cpiri,pmsm,insertion_1,0.6503920541824693
cpiri,pmsm,insertion_1,0.07353842587849435
cpiri,pmsm,insertion_1,-0.10351257135117198
cpiri,pmsm,insertion_2,0.08352084040599284
cpiri,pmsm,insertion_2,0.447264479692433
cpiri,pmsm,insertion_2,-0.020325126976961094
cpiri,pmsm,insertion_4,0.8892013207171479
cpiri,pmsm,insertion_4,-0.11881917830045552
cpiri,pmsm,insertion_4,0.1882940278989942
cpiri,steel_industry,reference,0.0
cpiri,steel_industry,legal_gauge_direct,15068.490922538305
cpiri,steel_industry,legal_gauge_canonical_preprocessing,1.3092311679230306e-06
cpiri,steel_industry,deletion_10,6.0994671415140145
cpiri,steel_industry,deletion_10,6.0994671415140145
cpiri,steel_industry,deletion_10,6.0994671415140145
cpiri,steel_industry,deletion_30,1.521320653305902
cpiri,steel_industry,deletion_30,6.0994671415140145
cpiri,steel_industry,deletion_30,1.521320653305902
cpiri,steel_industry,deletion_50,1.521320653305902
cpiri,steel_industry,deletion_50,6.0994671415140145
cpiri,steel_industry,deletion_50,1.521320653305902
cpiri,steel_industry,insertion_1,-0.05213473431124882
cpiri,steel_industry,insertion_1,0.14331170734374066
cpiri,steel_industry,insertion_1,0.17854366722107606
cpiri,steel_industry,insertion_2,0.3448433676961571
cpiri,steel_industry,insertion_2,0.428025742042748
cpiri,steel_industry,insertion_2,0.41591563184426583
cpiri,steel_industry,insertion_4,1.6236973904111718
cpiri,steel_industry,insertion_4,1.465004986858487
cpiri,steel_industry,insertion_4,1.6273063948884836
