system,seed,method,bin,first_window,last_window,windows,progress_percent,sd_nmae
building_energy,17,moirai,1,0,7,8,2.5,0.23882121035988207
building_energy,17,moirai,2,8,15,8,7.5,0.2907336202650194
building_energy,17,moirai,3,16,23,8,12.5,0.26584148211699016
building_energy,17,moirai,4,24,31,8,17.5,0.23131249061489556
building_energy,17,moirai,5,32,39,8,22.5,0.28077126019752147
building_energy,17,moirai,6,40,47,8,27.5,0.26857890377582505
building_energy,17,moirai,7,48,55,8,32.5,0.2257164101665321
building_energy,17,moirai,8,56,63,8,37.5,0.2241744571892481
building_energy,17,moirai,9,64,71,8,42.5,0.23771538678312806
building_energy,17,moirai,10,72,79,8,47.5,0.30494816470989944
building_energy,17,moirai,11,80,87,8,52.5,0.24734784992246872
building_energy,17,moirai,12,88,95,8,57.5,0.28757721884287096
building_energy,17,moirai,13,96,103,8,62.5,0.2322170469197161
building_energy,17,moirai,14,104,111,8,67.5,0.24737359029198835
building_energy,17,moirai,15,112,119,8,72.5,0.2548298778711782
building_energy,17,moirai,16,120,127,8,77.5,0.18553152017649857
building_energy,17,moirai,17,128,135,8,82.5,0.2091286915821931
building_energy,17,moirai,18,136,143,8,87.5,0.25618075684035
building_energy,17,moirai,19,144,151,8,92.5,0.25105983998050646
building_energy,17,moirai,20,152,159,8,97.5,0.3268093301363196
building_energy,17,gaugeformer_v13,1,0,7,8,2.5,0.23882121035988207
building_energy,17,gaugeformer_v13,2,8,15,8,7.5,0.29014268409847344
building_energy,17,gaugeformer_v13,3,16,23,8,12.5,0.2795440562240075
building_energy,17,gaugeformer_v13,4,24,31,8,17.5,0.22754650977639565
building_energy,17,gaugeformer_v13,5,32,39,8,22.5,0.2851093905762488
building_energy,17,gaugeformer_v13,6,40,47,8,27.5,0.26787470361653365
building_energy,17,gaugeformer_v13,7,48,55,8,32.5,0.2164016359094972
building_energy,17,gaugeformer_v13,8,56,63,8,37.5,0.2107592672150694
building_energy,17,gaugeformer_v13,9,64,71,8,42.5,0.23391118758830232
building_energy,17,gaugeformer_v13,10,72,79,8,47.5,0.2996648465064734
building_energy,17,gaugeformer_v13,11,80,87,8,52.5,0.23895663459621283
building_energy,17,gaugeformer_v13,12,88,95,8,57.5,0.27206127195116125
building_energy,17,gaugeformer_v13,13,96,103,8,62.5,0.22416282631183626
building_energy,17,gaugeformer_v13,14,104,111,8,67.5,0.24686888675707527
building_energy,17,gaugeformer_v13,15,112,119,8,72.5,0.24577910806681566
building_energy,17,gaugeformer_v13,16,120,127,8,77.5,0.18046584395556658
building_energy,17,gaugeformer_v13,17,128,135,8,82.5,0.19696497545229788
building_energy,17,gaugeformer_v13,18,136,143,8,87.5,0.25121895266139066
building_energy,17,gaugeformer_v13,19,144,151,8,92.5,0.23774756222392263
building_energy,17,gaugeformer_v13,20,152,159,8,97.5,0.32936898305744516
building_energy,29,moirai,1,0,7,8,2.5,0.2378144997016865
building_energy,29,moirai,2,8,15,8,7.5,0.29005253221615407
building_energy,29,moirai,3,16,23,8,12.5,0.26347838331568185
building_energy,29,moirai,4,24,31,8,17.5,0.23116022293289895
building_energy,29,moirai,5,32,39,8,22.5,0.2817109294711176
building_energy,29,moirai,6,40,47,8,27.5,0.267655996360699
building_energy,29,moirai,7,48,55,8,32.5,0.22513270816719191
building_energy,29,moirai,8,56,63,8,37.5,0.22356192020662632
building_energy,29,moirai,9,64,71,8,42.5,0.23609852075330112
building_energy,29,moirai,10,72,79,8,47.5,0.304401192355687
building_energy,29,moirai,11,80,87,8,52.5,0.24859818745170614
building_energy,29,moirai,12,88,95,8,57.5,0.2875170303100021
building_energy,29,moirai,13,96,103,8,62.5,0.2310153969369315
building_energy,29,moirai,14,104,111,8,67.5,0.24664947265586187
building_energy,29,moirai,15,112,119,8,72.5,0.2535601149986507
building_energy,29,moirai,16,120,127,8,77.5,0.1843404641633233
building_energy,29,moirai,17,128,135,8,82.5,0.20894701101900715
building_energy,29,moirai,18,136,143,8,87.5,0.2551506835835035
building_energy,29,moirai,19,144,151,8,92.5,0.25036840918974934
building_energy,29,moirai,20,152,159,8,97.5,0.32454825654531805
building_energy,29,gaugeformer_v13,1,0,7,8,2.5,0.2378144997016865
building_energy,29,gaugeformer_v13,2,8,15,8,7.5,0.29016877615472
building_energy,29,gaugeformer_v13,3,16,23,8,12.5,0.275981147837621
building_energy,29,gaugeformer_v13,4,24,31,8,17.5,0.2279691231527915
building_energy,29,gaugeformer_v13,5,32,39,8,22.5,0.2861344996581058
building_energy,29,gaugeformer_v13,6,40,47,8,27.5,0.2652359152608338
building_energy,29,gaugeformer_v13,7,48,55,8,32.5,0.2184985324654101
building_energy,29,gaugeformer_v13,8,56,63,8,37.5,0.2105619807137245
building_energy,29,gaugeformer_v13,9,64,71,8,42.5,0.23368606975280498
building_energy,29,gaugeformer_v13,10,72,79,8,47.5,0.29888112972038694
building_energy,29,gaugeformer_v13,11,80,87,8,52.5,0.23911754930969828
building_energy,29,gaugeformer_v13,12,88,95,8,57.5,0.2720117969153917
building_energy,29,gaugeformer_v13,13,96,103,8,62.5,0.22311762595594706
building_energy,29,gaugeformer_v13,14,104,111,8,67.5,0.24940445518188498
building_energy,29,gaugeformer_v13,15,112,119,8,72.5,0.24572416246162176
building_energy,29,gaugeformer_v13,16,120,127,8,77.5,0.18057007714215795
building_energy,29,gaugeformer_v13,17,128,135,8,82.5,0.19871718886460618
building_energy,29,gaugeformer_v13,18,136,143,8,87.5,0.25092039168773506
building_energy,29,gaugeformer_v13,19,144,151,8,92.5,0.23744531350343903
building_energy,29,gaugeformer_v13,20,152,159,8,97.5,0.32795631630305383
building_energy,43,moirai,1,0,7,8,2.5,0.23759919239717697
building_energy,43,moirai,2,8,15,8,7.5,0.29051543439516675
building_energy,43,moirai,3,16,23,8,12.5,0.26524055728774454
building_energy,43,moirai,4,24,31,8,17.5,0.23187540167712292
building_energy,43,moirai,5,32,39,8,22.5,0.28228693212206324
building_energy,43,moirai,6,40,47,8,27.5,0.2670932261276834
building_energy,43,moirai,7,48,55,8,32.5,0.2251323058187883
building_energy,43,moirai,8,56,63,8,37.5,0.2232995337795616
building_energy,43,moirai,9,64,71,8,42.5,0.2368775984006953
building_energy,43,moirai,10,72,79,8,47.5,0.303176545219255
building_energy,43,moirai,11,80,87,8,52.5,0.2482461199499987
building_energy,43,moirai,12,88,95,8,57.5,0.2878925224490075
building_energy,43,moirai,13,96,103,8,62.5,0.23003452320733403
building_energy,43,moirai,14,104,111,8,67.5,0.24609648734459602
building_energy,43,moirai,15,112,119,8,72.5,0.2530882833327704
building_energy,43,moirai,16,120,127,8,77.5,0.18397312211592767
building_energy,43,moirai,17,128,135,8,82.5,0.2089791189220286
building_energy,43,moirai,18,136,143,8,87.5,0.25543165630157694
building_energy,43,moirai,19,144,151,8,92.5,0.2507324832947446
building_energy,43,moirai,20,152,159,8,97.5,0.3213002283147367
building_energy,43,gaugeformer_v13,1,0,7,8,2.5,0.23759919239717697
building_energy,43,gaugeformer_v13,2,8,15,8,7.5,0.2891447569041588
building_energy,43,gaugeformer_v13,3,16,23,8,12.5,0.27924741424336613
building_energy,43,gaugeformer_v13,4,24,31,8,17.5,0.22822861288067114
building_energy,43,gaugeformer_v13,5,32,39,8,22.5,0.2874065514396077
building_energy,43,gaugeformer_v13,6,40,47,8,27.5,0.26659395211476006
building_energy,43,gaugeformer_v13,7,48,55,8,32.5,0.21654801788752673
building_energy,43,gaugeformer_v13,8,56,63,8,37.5,0.21097626117778967
building_energy,43,gaugeformer_v13,9,64,71,8,42.5,0.2345885981204331
building_energy,43,gaugeformer_v13,10,72,79,8,47.5,0.2989107160701238
building_energy,43,gaugeformer_v13,11,80,87,8,52.5,0.2395869382590341
building_energy,43,gaugeformer_v13,12,88,95,8,57.5,0.2723812457824921
building_energy,43,gaugeformer_v13,13,96,103,8,62.5,0.22302167014335966
building_energy,43,gaugeformer_v13,14,104,111,8,67.5,0.24941724876232796
building_energy,43,gaugeformer_v13,15,112,119,8,72.5,0.2448712207387152
building_energy,43,gaugeformer_v13,16,120,127,8,77.5,0.18073919906453242
building_energy,43,gaugeformer_v13,17,128,135,8,82.5,0.1975216356664452
building_energy,43,gaugeformer_v13,18,136,143,8,87.5,0.2528029326551455
building_energy,43,gaugeformer_v13,19,144,151,8,92.5,0.23618577782849487
building_energy,43,gaugeformer_v13,20,152,159,8,97.5,0.3276080635246893
building_energy,71,moirai,1,0,7,8,2.5,0.23686577849390517
building_energy,71,moirai,2,8,15,8,7.5,0.2881897391937709
building_energy,71,moirai,3,16,23,8,12.5,0.2632159649987859
building_energy,71,moirai,4,24,31,8,17.5,0.2317959543154535
building_energy,71,moirai,5,32,39,8,22.5,0.28045761145229653
building_energy,71,moirai,6,40,47,8,27.5,0.2660476336308471
building_energy,71,moirai,7,48,55,8,32.5,0.2254026523050412
building_energy,71,moirai,8,56,63,8,37.5,0.22262042160132595
building_energy,71,moirai,9,64,71,8,42.5,0.23732697259512486
building_energy,71,moirai,10,72,79,8,47.5,0.3048435162253931
building_energy,71,moirai,11,80,87,8,52.5,0.24806771115962234
building_energy,71,moirai,12,88,95,8,57.5,0.2874108089782557
building_energy,71,moirai,13,96,103,8,62.5,0.22983614787287876
building_energy,71,moirai,14,104,111,8,67.5,0.24530195072982727
building_energy,71,moirai,15,112,119,8,72.5,0.25334337218543224
building_energy,71,moirai,16,120,127,8,77.5,0.18322787391031478
building_energy,71,moirai,17,128,135,8,82.5,0.2091542657323366
building_energy,71,moirai,18,136,143,8,87.5,0.255162164382582
building_energy,71,moirai,19,144,151,8,92.5,0.25150497595902693
building_energy,71,moirai,20,152,159,8,97.5,0.32480692506419473
building_energy,71,gaugeformer_v13,1,0,7,8,2.5,0.23686577849390517
building_energy,71,gaugeformer_v13,2,8,15,8,7.5,0.28495585703832466
building_energy,71,gaugeformer_v13,3,16,23,8,12.5,0.27576072663576884
building_energy,71,gaugeformer_v13,4,24,31,8,17.5,0.22759489119176537
building_energy,71,gaugeformer_v13,5,32,39,8,22.5,0.28596154667907453
building_energy,71,gaugeformer_v13,6,40,47,8,27.5,0.26473018752887617
building_energy,71,gaugeformer_v13,7,48,55,8,32.5,0.2193389832262256
building_energy,71,gaugeformer_v13,8,56,63,8,37.5,0.2108826270890922
building_energy,71,gaugeformer_v13,9,64,71,8,42.5,0.2333773507150749
building_energy,71,gaugeformer_v13,10,72,79,8,47.5,0.29969197599361547
building_energy,71,gaugeformer_v13,11,80,87,8,52.5,0.2386940468012081
building_energy,71,gaugeformer_v13,12,88,95,8,57.5,0.2724041727711014
building_energy,71,gaugeformer_v13,13,96,103,8,62.5,0.22285779345451337
building_energy,71,gaugeformer_v13,14,104,111,8,67.5,0.24875321685087734
building_energy,71,gaugeformer_v13,15,112,119,8,72.5,0.24617351671683643
building_energy,71,gaugeformer_v13,16,120,127,8,77.5,0.18001665201612427
building_energy,71,gaugeformer_v13,17,128,135,8,82.5,0.1967284014030427
building_energy,71,gaugeformer_v13,18,136,143,8,87.5,0.25099957731502326
building_energy,71,gaugeformer_v13,19,144,151,8,92.5,0.23809546053572356
building_energy,71,gaugeformer_v13,20,152,159,8,97.5,0.3277705078043391
building_energy,101,moirai,1,0,7,8,2.5,0.23952583113377166
building_energy,101,moirai,2,8,15,8,7.5,0.2910762904792709
building_energy,101,moirai,3,16,23,8,12.5,0.26461295831362475
building_energy,101,moirai,4,24,31,8,17.5,0.23089013394245575
building_energy,101,moirai,5,32,39,8,22.5,0.28169253113456577
building_energy,101,moirai,6,40,47,8,27.5,0.2683129826333512
building_energy,101,moirai,7,48,55,8,32.5,0.22550624852062462
building_energy,101,moirai,8,56,63,8,37.5,0.2234334138904468
building_energy,101,moirai,9,64,71,8,42.5,0.23759002836867993
building_energy,101,moirai,10,72,79,8,47.5,0.302028126809844
building_energy,101,moirai,11,80,87,8,52.5,0.24679840685234358
building_energy,101,moirai,12,88,95,8,57.5,0.2883298641713646
building_energy,101,moirai,13,96,103,8,62.5,0.23077722703059173
building_energy,101,moirai,14,104,111,8,67.5,0.24711741047840213
building_energy,101,moirai,15,112,119,8,72.5,0.2522361127295672
building_energy,101,moirai,16,120,127,8,77.5,0.18413369331486296
building_energy,101,moirai,17,128,135,8,82.5,0.2082791995501855
building_energy,101,moirai,18,136,143,8,87.5,0.2551169826249452
building_energy,101,moirai,19,144,151,8,92.5,0.2513536813684966
building_energy,101,moirai,20,152,159,8,97.5,0.32350964860985526
building_energy,101,gaugeformer_v13,1,0,7,8,2.5,0.23952583113377166
building_energy,101,gaugeformer_v13,2,8,15,8,7.5,0.2903266382395883
building_energy,101,gaugeformer_v13,3,16,23,8,12.5,0.276785643295154
building_energy,101,gaugeformer_v13,4,24,31,8,17.5,0.22739844522079872
building_energy,101,gaugeformer_v13,5,32,39,8,22.5,0.2841748783892813
building_energy,101,gaugeformer_v13,6,40,47,8,27.5,0.2690593501414642
building_energy,101,gaugeformer_v13,7,48,55,8,32.5,0.21610676445948804
building_energy,101,gaugeformer_v13,8,56,63,8,37.5,0.21030523271585752
building_energy,101,gaugeformer_v13,9,64,71,8,42.5,0.23393182583075856
building_energy,101,gaugeformer_v13,10,72,79,8,47.5,0.29638375723406735
building_energy,101,gaugeformer_v13,11,80,87,8,52.5,0.23857146362170914
building_energy,101,gaugeformer_v13,12,88,95,8,57.5,0.27315150024576085
building_energy,101,gaugeformer_v13,13,96,103,8,62.5,0.22318141708672662
building_energy,101,gaugeformer_v13,14,104,111,8,67.5,0.2500807767791171
building_energy,101,gaugeformer_v13,15,112,119,8,72.5,0.24482392288111746
building_energy,101,gaugeformer_v13,16,120,127,8,77.5,0.18088725734924202
building_energy,101,gaugeformer_v13,17,128,135,8,82.5,0.19691643529396138
building_energy,101,gaugeformer_v13,18,136,143,8,87.5,0.2509128066529311
building_energy,101,gaugeformer_v13,19,144,151,8,92.5,0.23803086610595492
building_energy,101,gaugeformer_v13,20,152,159,8,97.5,0.3273689412906634
hydraulic,17,moirai,1,0,22,23,2.6077097505668934,0.10883244432544259
hydraulic,17,moirai,2,23,44,22,7.709750566893424,0.11069330075139834
hydraulic,17,moirai,3,45,66,22,12.698412698412698,0.10696384727869455
hydraulic,17,moirai,4,67,88,22,17.687074829931973,0.10633081679764281
hydraulic,17,moirai,5,89,110,22,22.675736961451246,0.10847292908897944
hydraulic,17,moirai,6,111,132,22,27.664399092970523,0.10885420084276443
hydraulic,17,moirai,7,133,154,22,32.6530612244898,0.16392720901891117
hydraulic,17,moirai,8,155,176,22,37.641723356009074,0.10652109628029108
hydraulic,17,moirai,9,177,198,22,42.63038548752834,0.10873415580836401
hydraulic,17,moirai,10,199,220,22,47.61904761904762,0.10544267209291742
hydraulic,17,moirai,11,221,242,22,52.60770975056689,0.10784042675136465
hydraulic,17,moirai,12,243,264,22,57.59637188208617,0.10581530301863526
hydraulic,17,moirai,13,265,286,22,62.585034013605444,0.1093144364552133
hydraulic,17,moirai,14,287,308,22,67.57369614512471,0.10920086684261923
hydraulic,17,moirai,15,309,330,22,72.56235827664399,0.10536121722711463
hydraulic,17,moirai,16,331,352,22,77.55102040816327,0.10656446474139153
hydraulic,17,moirai,17,353,374,22,82.53968253968254,0.10598865021594671
hydraulic,17,moirai,18,375,396,22,87.52834467120181,0.10655115471749162
hydraulic,17,moirai,19,397,418,22,92.51700680272108,0.1107009055970368
hydraulic,17,moirai,20,419,440,22,97.50566893424036,0.10831732218610218
hydraulic,17,gaugeformer_v13,1,0,22,23,2.6077097505668934,0.10717475339094266
hydraulic,17,gaugeformer_v13,2,23,44,22,7.709750566893424,0.10627807520714509
hydraulic,17,gaugeformer_v13,3,45,66,22,12.698412698412698,0.1025042797968868
hydraulic,17,gaugeformer_v13,4,67,88,22,17.687074829931973,0.10274230076726414
hydraulic,17,gaugeformer_v13,5,89,110,22,22.675736961451246,0.10418404929045956
hydraulic,17,gaugeformer_v13,6,111,132,22,27.664399092970523,0.10410406279212407
hydraulic,17,gaugeformer_v13,7,133,154,22,32.6530612244898,0.1636216988241747
hydraulic,17,gaugeformer_v13,8,155,176,22,37.641723356009074,0.10296726941862817
hydraulic,17,gaugeformer_v13,9,177,198,22,42.63038548752834,0.10454369731806822
hydraulic,17,gaugeformer_v13,10,199,220,22,47.61904761904762,0.10169686796262165
hydraulic,17,gaugeformer_v13,11,221,242,22,52.60770975056689,0.10358542088904672
hydraulic,17,gaugeformer_v13,12,243,264,22,57.59637188208617,0.10127543473444013
hydraulic,17,gaugeformer_v13,13,265,286,22,62.585034013605444,0.10472611269685075
hydraulic,17,gaugeformer_v13,14,287,308,22,67.57369614512471,0.10489961044241157
hydraulic,17,gaugeformer_v13,15,309,330,22,72.56235827664399,0.10100482885524555
hydraulic,17,gaugeformer_v13,16,331,352,22,77.55102040816327,0.10266531580412912
hydraulic,17,gaugeformer_v13,17,353,374,22,82.53968253968254,0.10137647738402983
hydraulic,17,gaugeformer_v13,18,375,396,22,87.52834467120181,0.1024485146761939
hydraulic,17,gaugeformer_v13,19,397,418,22,92.51700680272108,0.10605696985289208
hydraulic,17,gaugeformer_v13,20,419,440,22,97.50566893424036,0.10424685889143101
hydraulic,29,moirai,1,0,22,23,2.6077097505668934,0.10872364260822598
hydraulic,29,moirai,2,23,44,22,7.709750566893424,0.11130295715197273
hydraulic,29,moirai,3,45,66,22,12.698412698412698,0.10696337655029248
hydraulic,29,moirai,4,67,88,22,17.687074829931973,0.10653827489210109
hydraulic,29,moirai,5,89,110,22,22.675736961451246,0.10896611811338745
hydraulic,29,moirai,6,111,132,22,27.664399092970523,0.1094241132796716
hydraulic,29,moirai,7,133,154,22,32.6530612244898,0.16388286221518453
hydraulic,29,moirai,8,155,176,22,37.641723356009074,0.1069579116323167
hydraulic,29,moirai,9,177,198,22,42.63038548752834,0.10887964394815736
hydraulic,29,moirai,10,199,220,22,47.61904761904762,0.1055692848664367
hydraulic,29,moirai,11,221,242,22,52.60770975056689,0.10835933175941016
hydraulic,29,moirai,12,243,264,22,57.59637188208617,0.10598493565161932
hydraulic,29,moirai,13,265,286,22,62.585034013605444,0.10930871288426343
hydraulic,29,moirai,14,287,308,22,67.57369614512471,0.10923504986477806
hydraulic,29,moirai,15,309,330,22,72.56235827664399,0.10574945934634795
hydraulic,29,moirai,16,331,352,22,77.55102040816327,0.1066261029237766
hydraulic,29,moirai,17,353,374,22,82.53968253968254,0.10602995267099927
hydraulic,29,moirai,18,375,396,22,87.52834467120181,0.10690648069524909
hydraulic,29,moirai,19,397,418,22,92.51700680272108,0.11103528011465406
hydraulic,29,moirai,20,419,440,22,97.50566893424036,0.10858756493212247
hydraulic,29,gaugeformer_v13,1,0,22,23,2.6077097505668934,0.10741759933262313
hydraulic,29,gaugeformer_v13,2,23,44,22,7.709750566893424,0.10706569433574777
hydraulic,29,gaugeformer_v13,3,45,66,22,12.698412698412698,0.1025641357382615
hydraulic,29,gaugeformer_v13,4,67,88,22,17.687074829931973,0.10286850556725347
hydraulic,29,gaugeformer_v13,5,89,110,22,22.675736961451246,0.10453361192622161
hydraulic,29,gaugeformer_v13,6,111,132,22,27.664399092970523,0.10457691236073094
hydraulic,29,gaugeformer_v13,7,133,154,22,32.6530612244898,0.16336420541822808
hydraulic,29,gaugeformer_v13,8,155,176,22,37.641723356009074,0.10333288342718676
hydraulic,29,gaugeformer_v13,9,177,198,22,42.63038548752834,0.10459047894558551
hydraulic,29,gaugeformer_v13,10,199,220,22,47.61904761904762,0.1017751733046397
hydraulic,29,gaugeformer_v13,11,221,242,22,52.60770975056689,0.10386878243911046
hydraulic,29,gaugeformer_v13,12,243,264,22,57.59637188208617,0.10138251187653283
hydraulic,29,gaugeformer_v13,13,265,286,22,62.585034013605444,0.10473622399064424
hydraulic,29,gaugeformer_v13,14,287,308,22,67.57369614512471,0.10500441301136308
hydraulic,29,gaugeformer_v13,15,309,330,22,72.56235827664399,0.10132208966893251
hydraulic,29,gaugeformer_v13,16,331,352,22,77.55102040816327,0.10260344936683936
hydraulic,29,gaugeformer_v13,17,353,374,22,82.53968253968254,0.10157343938418036
hydraulic,29,gaugeformer_v13,18,375,396,22,87.52834467120181,0.10273435207156482
hydraulic,29,gaugeformer_v13,19,397,418,22,92.51700680272108,0.10630550464012176
hydraulic,29,gaugeformer_v13,20,419,440,22,97.50566893424036,0.10438266684777164
hydraulic,43,moirai,1,0,22,23,2.6077097505668934,0.10842823744031667
hydraulic,43,moirai,2,23,44,22,7.709750566893424,0.11084450880680526
hydraulic,43,moirai,3,45,66,22,12.698412698412698,0.10642389575654139
hydraulic,43,moirai,4,67,88,22,17.687074829931973,0.10631129832054736
hydraulic,43,moirai,5,89,110,22,22.675736961451246,0.1085245574178888
hydraulic,43,moirai,6,111,132,22,27.664399092970523,0.10902071382405246
hydraulic,43,moirai,7,133,154,22,32.6530612244898,0.1640099153756149
hydraulic,43,moirai,8,155,176,22,37.641723356009074,0.10638381111948585
hydraulic,43,moirai,9,177,198,22,42.63038548752834,0.10858627299885332
hydraulic,43,moirai,10,199,220,22,47.61904761904762,0.10524837133802388
hydraulic,43,moirai,11,221,242,22,52.60770975056689,0.10760539928870515
hydraulic,43,moirai,12,243,264,22,57.59637188208617,0.10566615530469095
hydraulic,43,moirai,13,265,286,22,62.585034013605444,0.10874922120467392
hydraulic,43,moirai,14,287,308,22,67.57369614512471,0.10886504562113819
hydraulic,43,moirai,15,309,330,22,72.56235827664399,0.1052874356183307
hydraulic,43,moirai,16,331,352,22,77.55102040816327,0.10633100394939071
hydraulic,43,moirai,17,353,374,22,82.53968253968254,0.10568261772638696
hydraulic,43,moirai,18,375,396,22,87.52834467120181,0.10647987201845081
hydraulic,43,moirai,19,397,418,22,92.51700680272108,0.11041741206442379
hydraulic,43,moirai,20,419,440,22,97.50566893424036,0.108193685540282
hydraulic,43,gaugeformer_v13,1,0,22,23,2.6077097505668934,0.10719112475539208
hydraulic,43,gaugeformer_v13,2,23,44,22,7.709750566893424,0.1068455095250676
hydraulic,43,gaugeformer_v13,3,45,66,22,12.698412698412698,0.10230475165886323
hydraulic,43,gaugeformer_v13,4,67,88,22,17.687074829931973,0.10279085223153567
hydraulic,43,gaugeformer_v13,5,89,110,22,22.675736961451246,0.10431697807071065
hydraulic,43,gaugeformer_v13,6,111,132,22,27.664399092970523,0.10442595694314792
hydraulic,43,gaugeformer_v13,7,133,154,22,32.6530612244898,0.16352108151144862
hydraulic,43,gaugeformer_v13,8,155,176,22,37.641723356009074,0.10303550630705019
hydraulic,43,gaugeformer_v13,9,177,198,22,42.63038548752834,0.10448530634272343
hydraulic,43,gaugeformer_v13,10,199,220,22,47.61904761904762,0.10160735130048021
hydraulic,43,gaugeformer_v13,11,221,242,22,52.60770975056689,0.10351876880064062
hydraulic,43,gaugeformer_v13,12,243,264,22,57.59637188208617,0.10125446766989125
hydraulic,43,gaugeformer_v13,13,265,286,22,62.585034013605444,0.10446654628642628
hydraulic,43,gaugeformer_v13,14,287,308,22,67.57369614512471,0.10477626484221135
hydraulic,43,gaugeformer_v13,15,309,330,22,72.56235827664399,0.10114222424123645
hydraulic,43,gaugeformer_v13,16,331,352,22,77.55102040816327,0.10258550394012612
hydraulic,43,gaugeformer_v13,17,353,374,22,82.53968253968254,0.10137074996845227
hydraulic,43,gaugeformer_v13,18,375,396,22,87.52834467120181,0.10251329658570874
hydraulic,43,gaugeformer_v13,19,397,418,22,92.51700680272108,0.10599288404924997
hydraulic,43,gaugeformer_v13,20,419,440,22,97.50566893424036,0.10425641851297057
hydraulic,71,moirai,1,0,22,23,2.6077097505668934,0.10883926882587983
hydraulic,71,moirai,2,23,44,22,7.709750566893424,0.1107186050610619
hydraulic,71,moirai,3,45,66,22,12.698412698412698,0.10649670197889478
hydraulic,71,moirai,4,67,88,22,17.687074829931973,0.10611871557687381
hydraulic,71,moirai,5,89,110,22,22.675736961451246,0.1084262751887881
hydraulic,71,moirai,6,111,132,22,27.664399092970523,0.10867758335596038
hydraulic,71,moirai,7,133,154,22,32.6530612244898,0.16340454778995964
hydraulic,71,moirai,8,155,176,22,37.641723356009074,0.10628630647293702
hydraulic,71,moirai,9,177,198,22,42.63038548752834,0.10845192155465555
hydraulic,71,moirai,10,199,220,22,47.61904761904762,0.10491711035193038
hydraulic,71,moirai,11,221,242,22,52.60770975056689,0.10779123379651921
hydraulic,71,moirai,12,243,264,22,57.59637188208617,0.10573328810831494
hydraulic,71,moirai,13,265,286,22,62.585034013605444,0.10867041535562802
hydraulic,71,moirai,14,287,308,22,67.57369614512471,0.10869833830866404
hydraulic,71,moirai,15,309,330,22,72.56235827664399,0.10519118640354724
hydraulic,71,moirai,16,331,352,22,77.55102040816327,0.1061444195615252
hydraulic,71,moirai,17,353,374,22,82.53968253968254,0.10565275162188895
hydraulic,71,moirai,18,375,396,22,87.52834467120181,0.10666248121716201
hydraulic,71,moirai,19,397,418,22,92.51700680272108,0.11054481449991577
hydraulic,71,moirai,20,419,440,22,97.50566893424036,0.10815994441978015
hydraulic,71,gaugeformer_v13,1,0,22,23,2.6077097505668934,0.10745254463373681
hydraulic,71,gaugeformer_v13,2,23,44,22,7.709750566893424,0.10668490632162002
hydraulic,71,gaugeformer_v13,3,45,66,22,12.698412698412698,0.10228017426315243
hydraulic,71,gaugeformer_v13,4,67,88,22,17.687074829931973,0.1026278981401562
hydraulic,71,gaugeformer_v13,5,89,110,22,22.675736961451246,0.10429915872338134
hydraulic,71,gaugeformer_v13,6,111,132,22,27.664399092970523,0.10416683964020923
hydraulic,71,gaugeformer_v13,7,133,154,22,32.6530612244898,0.16335129496944187
hydraulic,71,gaugeformer_v13,8,155,176,22,37.641723356009074,0.1029202528521139
hydraulic,71,gaugeformer_v13,9,177,198,22,42.63038548752834,0.10437112928246371
hydraulic,71,gaugeformer_v13,10,199,220,22,47.61904761904762,0.10123324426096181
hydraulic,71,gaugeformer_v13,11,221,242,22,52.60770975056689,0.1036100683840934
hydraulic,71,gaugeformer_v13,12,243,264,22,57.59637188208617,0.10123488791614026
hydraulic,71,gaugeformer_v13,13,265,286,22,62.585034013605444,0.10437246408476084
hydraulic,71,gaugeformer_v13,14,287,308,22,67.57369614512471,0.10465961476956491
hydraulic,71,gaugeformer_v13,15,309,330,22,72.56235827664399,0.10097286444628052
hydraulic,71,gaugeformer_v13,16,331,352,22,77.55102040816327,0.10235271683804797
hydraulic,71,gaugeformer_v13,17,353,374,22,82.53968253968254,0.10126418199597957
hydraulic,71,gaugeformer_v13,18,375,396,22,87.52834467120181,0.10267666725463583
hydraulic,71,gaugeformer_v13,19,397,418,22,92.51700680272108,0.10603554981084892
hydraulic,71,gaugeformer_v13,20,419,440,22,97.50566893424036,0.10413457612202824
hydraulic,101,moirai,1,0,22,23,2.6077097505668934,0.10883637637673682
hydraulic,101,moirai,2,23,44,22,7.709750566893424,0.11114626124053119
hydraulic,101,moirai,3,45,66,22,12.698412698412698,0.10663977238185345
hydraulic,101,moirai,4,67,88,22,17.687074829931973,0.10654237674803069
hydraulic,101,moirai,5,89,110,22,22.675736961451246,0.10869757828028427
hydraulic,101,moirai,6,111,132,22,27.664399092970523,0.10911502070687652
hydraulic,101,moirai,7,133,154,22,32.6530612244898,0.1649498223493218
hydraulic,101,moirai,8,155,176,22,37.641723356009074,0.1068427576924609
hydraulic,101,moirai,9,177,198,22,42.63038548752834,0.10876061468127446
hydraulic,101,moirai,10,199,220,22,47.61904761904762,0.10535843843193148
hydraulic,101,moirai,11,221,242,22,52.60770975056689,0.1081099916081166
hydraulic,101,moirai,12,243,264,22,57.59637188208617,0.10613432070673387
hydraulic,101,moirai,13,265,286,22,62.585034013605444,0.10897702764314757
hydraulic,101,moirai,14,287,308,22,67.57369614512471,0.1092333508056321
hydraulic,101,moirai,15,309,330,22,72.56235827664399,0.10586897976142275
hydraulic,101,moirai,16,331,352,22,77.55102040816327,0.10644693033803555
hydraulic,101,moirai,17,353,374,22,82.53968253968254,0.1059928572228734
hydraulic,101,moirai,18,375,396,22,87.52834467120181,0.10664487924402069
hydraulic,101,moirai,19,397,418,22,92.51700680272108,0.1109030717068081
hydraulic,101,moirai,20,419,440,22,97.50566893424036,0.1084256500605799
hydraulic,101,gaugeformer_v13,1,0,22,23,2.6077097505668934,0.10751590509671995
hydraulic,101,gaugeformer_v13,2,23,44,22,7.709750566893424,0.10683574922675565
hydraulic,101,gaugeformer_v13,3,45,66,22,12.698412698412698,0.10217871595206042
hydraulic,101,gaugeformer_v13,4,67,88,22,17.687074829931973,0.10286163805791623
hydraulic,101,gaugeformer_v13,5,89,110,22,22.675736961451246,0.10436710209530746
hydraulic,101,gaugeformer_v13,6,111,132,22,27.664399092970523,0.10421672734056847
hydraulic,101,gaugeformer_v13,7,133,154,22,32.6530612244898,0.1634223568960652
hydraulic,101,gaugeformer_v13,8,155,176,22,37.641723356009074,0.10317649607199812
hydraulic,101,gaugeformer_v13,9,177,198,22,42.63038548752834,0.10434435530070758
hydraulic,101,gaugeformer_v13,10,199,220,22,47.61904761904762,0.10160516707664295
hydraulic,101,gaugeformer_v13,11,221,242,22,52.60770975056689,0.10361656108795392
hydraulic,101,gaugeformer_v13,12,243,264,22,57.59637188208617,0.10151725981468745
hydraulic,101,gaugeformer_v13,13,265,286,22,62.585034013605444,0.10435896197013238
hydraulic,101,gaugeformer_v13,14,287,308,22,67.57369614512471,0.1048792642653063
hydraulic,101,gaugeformer_v13,15,309,330,22,72.56235827664399,0.10138957831714546
hydraulic,101,gaugeformer_v13,16,331,352,22,77.55102040816327,0.10254504753968184
hydraulic,101,gaugeformer_v13,17,353,374,22,82.53968253968254,0.10136090848105128
hydraulic,101,gaugeformer_v13,18,375,396,22,87.52834467120181,0.10249588895595528
hydraulic,101,gaugeformer_v13,19,397,418,22,92.51700680272108,0.10609309971202122
hydraulic,101,gaugeformer_v13,20,419,440,22,97.50566893424036,0.10421101223294339
metropt,17,moirai,1,0,2177,2178,2.50103348491112,0.4574472454764692
metropt,17,moirai,2,2178,4355,2178,7.503100454733361,0.38256377920291723
metropt,17,moirai,3,4356,6532,2177,12.50401910798769,0.29148099087196044
metropt,17,moirai,4,6533,8709,2177,17.50378944467411,0.4096709900822132
metropt,17,moirai,5,8710,10886,2177,22.503559781360526,0.36174205251027536
metropt,17,moirai,6,10887,13063,2177,27.503330118046943,0.4141662892607599
metropt,17,moirai,7,13064,15240,2177,32.503100454733364,0.5351630672131985
metropt,17,moirai,8,15241,17417,2177,37.50287079141978,0.45559534889973957
metropt,17,moirai,9,17418,19594,2177,42.5026411281062,0.41163168714502874
metropt,17,moirai,10,19595,21771,2177,47.502411464792615,0.5165721455731058
metropt,17,moirai,11,21772,23948,2177,52.50218180147903,0.46068255257586055
metropt,17,moirai,12,23949,26125,2177,57.50195213816545,0.49656881803897435
metropt,17,moirai,13,26126,28302,2177,62.50172247485187,0.5928093457646493
metropt,17,moirai,14,28303,30479,2177,67.50149281153828,0.6524338314855362
metropt,17,moirai,15,30480,32656,2177,72.50126314822471,0.4689023114124909
metropt,17,moirai,16,32657,34833,2177,77.50103348491112,0.5376013641475216
metropt,17,moirai,17,34834,37010,2177,82.50080382159754,0.4963892101350273
metropt,17,moirai,18,37011,39187,2177,87.50057415828395,0.5356695492321185
metropt,17,moirai,19,39188,41364,2177,92.50034449497038,0.5687397684384875
metropt,17,moirai,20,41365,43541,2177,97.50011483165679,0.5794647817324498
metropt,17,gaugeformer_v13,1,0,2177,2178,2.50103348491112,0.44612708148633773
metropt,17,gaugeformer_v13,2,2178,4355,2178,7.503100454733361,0.37074459714720936
metropt,17,gaugeformer_v13,3,4356,6532,2177,12.50401910798769,0.28365500354825124
metropt,17,gaugeformer_v13,4,6533,8709,2177,17.50378944467411,0.39737062565000925
metropt,17,gaugeformer_v13,5,8710,10886,2177,22.503559781360526,0.3506152122681604
metropt,17,gaugeformer_v13,6,10887,13063,2177,27.503330118046943,0.40335933491326054
metropt,17,gaugeformer_v13,7,13064,15240,2177,32.503100454733364,0.5313236039904983
metropt,17,gaugeformer_v13,8,15241,17417,2177,37.50287079141978,0.4445477268602058
metropt,17,gaugeformer_v13,9,17418,19594,2177,42.5026411281062,0.4051561983568283
metropt,17,gaugeformer_v13,10,19595,21771,2177,47.502411464792615,0.511904033110636
metropt,17,gaugeformer_v13,11,21772,23948,2177,52.50218180147903,0.45849463632120624
metropt,17,gaugeformer_v13,12,23949,26125,2177,57.50195213816545,0.4884950269474456
metropt,17,gaugeformer_v13,13,26126,28302,2177,62.50172247485187,0.5886793320106237
metropt,17,gaugeformer_v13,14,28303,30479,2177,67.50149281153828,0.6501520910475611
metropt,17,gaugeformer_v13,15,30480,32656,2177,72.50126314822471,0.4597087815870151
metropt,17,gaugeformer_v13,16,32657,34833,2177,77.50103348491112,0.5298639201282186
metropt,17,gaugeformer_v13,17,34834,37010,2177,82.50080382159754,0.4896438159851022
metropt,17,gaugeformer_v13,18,37011,39187,2177,87.50057415828395,0.5277384876254134
metropt,17,gaugeformer_v13,19,39188,41364,2177,92.50034449497038,0.5634119338603032
metropt,17,gaugeformer_v13,20,41365,43541,2177,97.50011483165679,0.5729003310753559
metropt,29,moirai,1,0,2177,2178,2.50103348491112,0.45692944187802537
metropt,29,moirai,2,2178,4355,2178,7.503100454733361,0.38155406786280416
metropt,29,moirai,3,4356,6532,2177,12.50401910798769,0.2911454376238814
metropt,29,moirai,4,6533,8709,2177,17.50378944467411,0.40903834493627317
metropt,29,moirai,5,8710,10886,2177,22.503559781360526,0.3605114074681503
metropt,29,moirai,6,10887,13063,2177,27.503330118046943,0.41375236766305334
metropt,29,moirai,7,13064,15240,2177,32.503100454733364,0.5369755478197901
metropt,29,moirai,8,15241,17417,2177,37.50287079141978,0.4560961247281606
metropt,29,moirai,9,17418,19594,2177,42.5026411281062,0.41220627562756607
metropt,29,moirai,10,19595,21771,2177,47.502411464792615,0.518244780060051
metropt,29,moirai,11,21772,23948,2177,52.50218180147903,0.4622568139074918
metropt,29,moirai,12,23949,26125,2177,57.50195213816545,0.49741067991114224
metropt,29,moirai,13,26126,28302,2177,62.50172247485187,0.5948830297156971
metropt,29,moirai,14,28303,30479,2177,67.50149281153828,0.6549493880896262
metropt,29,moirai,15,30480,32656,2177,72.50126314822471,0.46923599294781027
metropt,29,moirai,16,32657,34833,2177,77.50103348491112,0.5390568401467164
metropt,29,moirai,17,34834,37010,2177,82.50080382159754,0.49751732759021083
metropt,29,moirai,18,37011,39187,2177,87.50057415828395,0.5369458056477622
metropt,29,moirai,19,39188,41364,2177,92.50034449497038,0.5702832467492507
metropt,29,moirai,20,41365,43541,2177,97.50011483165679,0.5808864996500374
metropt,29,gaugeformer_v13,1,0,2177,2178,2.50103348491112,0.44638190393872956
metropt,29,gaugeformer_v13,2,2178,4355,2178,7.503100454733361,0.3703479088066479
metropt,29,gaugeformer_v13,3,4356,6532,2177,12.50401910798769,0.28358316729546756
metropt,29,gaugeformer_v13,4,6533,8709,2177,17.50378944467411,0.3976453058133197
metropt,29,gaugeformer_v13,5,8710,10886,2177,22.503559781360526,0.3501676830621821
metropt,29,gaugeformer_v13,6,10887,13063,2177,27.503330118046943,0.40361974481073687
metropt,29,gaugeformer_v13,7,13064,15240,2177,32.503100454733364,0.5330736239418962
metropt,29,gaugeformer_v13,8,15241,17417,2177,37.50287079141978,0.4453370359890373
metropt,29,gaugeformer_v13,9,17418,19594,2177,42.5026411281062,0.4059729694726186
metropt,29,gaugeformer_v13,10,19595,21771,2177,47.502411464792615,0.51361332233845
metropt,29,gaugeformer_v13,11,21772,23948,2177,52.50218180147903,0.4601115093282003
metropt,29,gaugeformer_v13,12,23949,26125,2177,57.50195213816545,0.48966904205809236
metropt,29,gaugeformer_v13,13,26126,28302,2177,62.50172247485187,0.5907824864963821
metropt,29,gaugeformer_v13,14,28303,30479,2177,67.50149281153828,0.6526373972877167
metropt,29,gaugeformer_v13,15,30480,32656,2177,72.50126314822471,0.46045934589741494
metropt,29,gaugeformer_v13,16,32657,34833,2177,77.50103348491112,0.5314395143933066
metropt,29,gaugeformer_v13,17,34834,37010,2177,82.50080382159754,0.49108053118697276
metropt,29,gaugeformer_v13,18,37011,39187,2177,87.50057415828395,0.5292075405349941
metropt,29,gaugeformer_v13,19,39188,41364,2177,92.50034449497038,0.5652324904992783
metropt,29,gaugeformer_v13,20,41365,43541,2177,97.50011483165679,0.5745900056356656
metropt,43,moirai,1,0,2177,2178,2.50103348491112,0.45725797480530966
metropt,43,moirai,2,2178,4355,2178,7.503100454733361,0.3831083401400811
metropt,43,moirai,3,4356,6532,2177,12.50401910798769,0.2914084690086426
metropt,43,moirai,4,6533,8709,2177,17.50378944467411,0.4097028496415104
metropt,43,moirai,5,8710,10886,2177,22.503559781360526,0.3615230681221397
metropt,43,moirai,6,10887,13063,2177,27.503330118046943,0.41459637280403194
metropt,43,moirai,7,13064,15240,2177,32.503100454733364,0.5356270355296651
metropt,43,moirai,8,15241,17417,2177,37.50287079141978,0.4548274332213178
metropt,43,moirai,9,17418,19594,2177,42.5026411281062,0.41126025308912356
metropt,43,moirai,10,19595,21771,2177,47.502411464792615,0.5156061454186802
metropt,43,moirai,11,21772,23948,2177,52.50218180147903,0.4604779336043934
metropt,43,moirai,12,23949,26125,2177,57.50195213816545,0.495145577049115
metropt,43,moirai,13,26126,28302,2177,62.50172247485187,0.5924639063971423
metropt,43,moirai,14,28303,30479,2177,67.50149281153828,0.6522389784929775
metropt,43,moirai,15,30480,32656,2177,72.50126314822471,0.4679283040677284
metropt,43,moirai,16,32657,34833,2177,77.50103348491112,0.5365312501834271
metropt,43,moirai,17,34834,37010,2177,82.50080382159754,0.4956575755679441
metropt,43,moirai,18,37011,39187,2177,87.50057415828395,0.534878511415554
metropt,43,moirai,19,39188,41364,2177,92.50034449497038,0.5685079517485664
metropt,43,moirai,20,41365,43541,2177,97.50011483165679,0.5791734880463643
metropt,43,gaugeformer_v13,1,0,2177,2178,2.50103348491112,0.4459713735348943
metropt,43,gaugeformer_v13,2,2178,4355,2178,7.503100454733361,0.37112392880025963
metropt,43,gaugeformer_v13,3,4356,6532,2177,12.50401910798769,0.28352701900465616
metropt,43,gaugeformer_v13,4,6533,8709,2177,17.50378944467411,0.397518213276626
metropt,43,gaugeformer_v13,5,8710,10886,2177,22.503559781360526,0.35066095602651787
metropt,43,gaugeformer_v13,6,10887,13063,2177,27.503330118046943,0.40356771399213087
metropt,43,gaugeformer_v13,7,13064,15240,2177,32.503100454733364,0.5311140810683654
metropt,43,gaugeformer_v13,8,15241,17417,2177,37.50287079141978,0.4435562915829914
metropt,43,gaugeformer_v13,9,17418,19594,2177,42.5026411281062,0.40456688497046356
metropt,43,gaugeformer_v13,10,19595,21771,2177,47.502411464792615,0.5107452615579321
metropt,43,gaugeformer_v13,11,21772,23948,2177,52.50218180147903,0.4577758428420783
metropt,43,gaugeformer_v13,12,23949,26125,2177,57.50195213816545,0.48712199414049767
metropt,43,gaugeformer_v13,13,26126,28302,2177,62.50172247485187,0.5880623040180984
metropt,43,gaugeformer_v13,14,28303,30479,2177,67.50149281153828,0.649431747007502
metropt,43,gaugeformer_v13,15,30480,32656,2177,72.50126314822471,0.458731084845794
metropt,43,gaugeformer_v13,16,32657,34833,2177,77.50103348491112,0.5287549613246293
metropt,43,gaugeformer_v13,17,34834,37010,2177,82.50080382159754,0.4889910741127251
metropt,43,gaugeformer_v13,18,37011,39187,2177,87.50057415828395,0.5268387337904202
metropt,43,gaugeformer_v13,19,39188,41364,2177,92.50034449497038,0.5627803124159125
metropt,43,gaugeformer_v13,20,41365,43541,2177,97.50011483165679,0.5720967424477884
metropt,71,moirai,1,0,2177,2178,2.50103348491112,0.45912131416536817
metropt,71,moirai,2,2178,4355,2178,7.503100454733361,0.3837044564300838
metropt,71,moirai,3,4356,6532,2177,12.50401910798769,0.2925078376623403
metropt,71,moirai,4,6533,8709,2177,17.50378944467411,0.41081828541760157
metropt,71,moirai,5,8710,10886,2177,22.503559781360526,0.3625593035254742
metropt,71,moirai,6,10887,13063,2177,27.503330118046943,0.41539263892898826
metropt,71,moirai,7,13064,15240,2177,32.503100454733364,0.5379629075414157
metropt,71,moirai,8,15241,17417,2177,37.50287079141978,0.4566255062936857
metropt,71,moirai,9,17418,19594,2177,42.5026411281062,0.413145657397588
metropt,71,moirai,10,19595,21771,2177,47.502411464792615,0.5192053749864249
metropt,71,moirai,11,21772,23948,2177,52.50218180147903,0.4631272420438088
metropt,71,moirai,12,23949,26125,2177,57.50195213816545,0.49837595855383937
metropt,71,moirai,13,26126,28302,2177,62.50172247485187,0.5964078034094729
metropt,71,moirai,14,28303,30479,2177,67.50149281153828,0.6560698198719916
metropt,71,moirai,15,30480,32656,2177,72.50126314822471,0.47029378027463403
metropt,71,moirai,16,32657,34833,2177,77.50103348491112,0.5400905174527164
metropt,71,moirai,17,34834,37010,2177,82.50080382159754,0.49870535879318517
metropt,71,moirai,18,37011,39187,2177,87.50057415828395,0.538163285121254
metropt,71,moirai,19,39188,41364,2177,92.50034449497038,0.5714577439566453
metropt,71,moirai,20,41365,43541,2177,97.50011483165679,0.5819196569117274
metropt,71,gaugeformer_v13,1,0,2177,2178,2.50103348491112,0.4488488073870777
metropt,71,gaugeformer_v13,2,2178,4355,2178,7.503100454733361,0.37226908909976963
metropt,71,gaugeformer_v13,3,4356,6532,2177,12.50401910798769,0.2851584427860036
metropt,71,gaugeformer_v13,4,6533,8709,2177,17.50378944467411,0.39975029981848303
metropt,71,gaugeformer_v13,5,8710,10886,2177,22.503559781360526,0.3523596242697444
metropt,71,gaugeformer_v13,6,10887,13063,2177,27.503330118046943,0.4052667495927676
metropt,71,gaugeformer_v13,7,13064,15240,2177,32.503100454733364,0.5339086389809381
metropt,71,gaugeformer_v13,8,15241,17417,2177,37.50287079141978,0.4460130871059227
metropt,71,gaugeformer_v13,9,17418,19594,2177,42.5026411281062,0.4068982476049619
metropt,71,gaugeformer_v13,10,19595,21771,2177,47.502411464792615,0.5145249494509446
metropt,71,gaugeformer_v13,11,21772,23948,2177,52.50218180147903,0.4609125284132153
metropt,71,gaugeformer_v13,12,23949,26125,2177,57.50195213816545,0.4905807322316292
metropt,71,gaugeformer_v13,13,26126,28302,2177,62.50172247485187,0.5921731266532654
metropt,71,gaugeformer_v13,14,28303,30479,2177,67.50149281153828,0.6538112238692315
metropt,71,gaugeformer_v13,15,30480,32656,2177,72.50126314822471,0.4615636795213325
metropt,71,gaugeformer_v13,16,32657,34833,2177,77.50103348491112,0.5327016477474725
metropt,71,gaugeformer_v13,17,34834,37010,2177,82.50080382159754,0.49244410945764944
metropt,71,gaugeformer_v13,18,37011,39187,2177,87.50057415828395,0.5304556811951164
metropt,71,gaugeformer_v13,19,39188,41364,2177,92.50034449497038,0.5664191479500988
metropt,71,gaugeformer_v13,20,41365,43541,2177,97.50011483165679,0.5755034637355559
metropt,101,moirai,1,0,2177,2178,2.50103348491112,0.45595819239193536
metropt,101,moirai,2,2178,4355,2178,7.503100454733361,0.3811609830887819
metropt,101,moirai,3,4356,6532,2177,12.50401910798769,0.29054719186399386
metropt,101,moirai,4,6533,8709,2177,17.50378944467411,0.4087132368651118
metropt,101,moirai,5,8710,10886,2177,22.503559781360526,0.36030270171526585
metropt,101,moirai,6,10887,13063,2177,27.503330118046943,0.4133939137983086
metropt,101,moirai,7,13064,15240,2177,32.503100454733364,0.5355389850282026
metropt,101,moirai,8,15241,17417,2177,37.50287079141978,0.4548296901644415
metropt,101,moirai,9,17418,19594,2177,42.5026411281062,0.41130861676105546
metropt,101,moirai,10,19595,21771,2177,47.502411464792615,0.5163674617157529
metropt,101,moirai,11,21772,23948,2177,52.50218180147903,0.4608135251422311
metropt,101,moirai,12,23949,26125,2177,57.50195213816545,0.49589502324618606
metropt,101,moirai,13,26126,28302,2177,62.50172247485187,0.5927717916582634
metropt,101,moirai,14,28303,30479,2177,67.50149281153828,0.6527050696088746
metropt,101,moirai,15,30480,32656,2177,72.50126314822471,0.46805657533147
metropt,101,moirai,16,32657,34833,2177,77.50103348491112,0.5372712908512385
metropt,101,moirai,17,34834,37010,2177,82.50080382159754,0.49591847060685756
metropt,101,moirai,18,37011,39187,2177,87.50057415828395,0.5354174955408318
metropt,101,moirai,19,39188,41364,2177,92.50034449497038,0.5685366936077277
metropt,101,moirai,20,41365,43541,2177,97.50011483165679,0.5795160744340098
metropt,101,gaugeformer_v13,1,0,2177,2178,2.50103348491112,0.44509765597329626
metropt,101,gaugeformer_v13,2,2178,4355,2178,7.503100454733361,0.369690682489624
metropt,101,gaugeformer_v13,3,4356,6532,2177,12.50401910798769,0.2829146886602447
metropt,101,gaugeformer_v13,4,6533,8709,2177,17.50378944467411,0.3968094265046597
metropt,101,gaugeformer_v13,5,8710,10886,2177,22.503559781360526,0.3496830536635354
metropt,101,gaugeformer_v13,6,10887,13063,2177,27.503330118046943,0.40290076250212864
metropt,101,gaugeformer_v13,7,13064,15240,2177,32.503100454733364,0.5313339101829353
metropt,101,gaugeformer_v13,8,15241,17417,2177,37.50287079141978,0.4437772525355446
metropt,101,gaugeformer_v13,9,17418,19594,2177,42.5026411281062,0.4047712031559636
metropt,101,gaugeformer_v13,10,19595,21771,2177,47.502411464792615,0.5115215532576799
metropt,101,gaugeformer_v13,11,21772,23948,2177,52.50218180147903,0.4582258003899102
metropt,101,gaugeformer_v13,12,23949,26125,2177,57.50195213816545,0.48783266836076644
metropt,101,gaugeformer_v13,13,26126,28302,2177,62.50172247485187,0.588405509833716
metropt,101,gaugeformer_v13,14,28303,30479,2177,67.50149281153828,0.6501206777981922
metropt,101,gaugeformer_v13,15,30480,32656,2177,72.50126314822471,0.45884320503960296
metropt,101,gaugeformer_v13,16,32657,34833,2177,77.50103348491112,0.5293425475698291
metropt,101,gaugeformer_v13,17,34834,37010,2177,82.50080382159754,0.4890902733011945
metropt,101,gaugeformer_v13,18,37011,39187,2177,87.50057415828395,0.5273697956129436
metropt,101,gaugeformer_v13,19,39188,41364,2177,92.50034449497038,0.5630376745889968
metropt,101,gaugeformer_v13,20,41365,43541,2177,97.50011483165679,0.5726419392337638
pmsm,17,moirai,1,0,201,202,2.5099403578528827,0.012675353717184411
pmsm,17,moirai,2,202,403,202,7.529821073558648,0.02814222653443347
pmsm,17,moirai,3,404,605,202,12.549701789264413,0.023306750847081545
pmsm,17,moirai,4,606,807,202,17.569582504970178,0.012970069986109138
pmsm,17,moirai,5,808,1008,201,22.57703777335984,0.013176810483111168
pmsm,17,moirai,6,1009,1209,201,27.5720675944334,0.00730669326253348
pmsm,17,moirai,7,1210,1410,201,32.56709741550696,0.006953257223572655
pmsm,17,moirai,8,1411,1611,201,37.562127236580515,0.010661090539719519
pmsm,17,moirai,9,1612,1812,201,42.557157057654074,0.018827363652577
pmsm,17,moirai,10,1813,2013,201,47.55218687872763,0.022412491321391323
pmsm,17,moirai,11,2014,2214,201,52.54721669980119,0.07258772469105489
pmsm,17,moirai,12,2215,2415,201,57.54224652087475,0.14465418981210657
pmsm,17,moirai,13,2416,2616,201,62.53727634194831,0.0038707303602750517
pmsm,17,moirai,14,2617,2817,201,67.53230616302187,0.0024394385588518298
pmsm,17,moirai,15,2818,3018,201,72.52733598409543,0.04008546696933144
pmsm,17,moirai,16,3019,3219,201,77.52236580516899,0.0483872747041948
pmsm,17,moirai,17,3220,3420,201,82.51739562624255,0.07902818698826573
pmsm,17,moirai,18,3421,3621,201,87.5124254473161,0.16742911847658323
pmsm,17,moirai,19,3622,3822,201,92.50745526838966,0.05120966691256422
pmsm,17,moirai,20,3823,4023,201,97.50248508946322,0.1644354618399226
pmsm,17,gaugeformer_v13,1,0,201,202,2.5099403578528827,0.012481027044856314
pmsm,17,gaugeformer_v13,2,202,403,202,7.529821073558648,0.02673586008500462
pmsm,17,gaugeformer_v13,3,404,605,202,12.549701789264413,0.022127690744771843
pmsm,17,gaugeformer_v13,4,606,807,202,17.569582504970178,0.01235931197808799
pmsm,17,gaugeformer_v13,5,808,1008,201,22.57703777335984,0.012771622708342336
pmsm,17,gaugeformer_v13,6,1009,1209,201,27.5720675944334,0.007266708446123711
pmsm,17,gaugeformer_v13,7,1210,1410,201,32.56709741550696,0.00687455766623615
pmsm,17,gaugeformer_v13,8,1411,1611,201,37.562127236580515,0.010509019522490733
pmsm,17,gaugeformer_v13,9,1612,1812,201,42.557157057654074,0.018735645183805303
pmsm,17,gaugeformer_v13,10,1813,2013,201,47.55218687872763,0.02222268808596962
pmsm,17,gaugeformer_v13,11,2014,2214,201,52.54721669980119,0.07277382754162916
pmsm,17,gaugeformer_v13,12,2215,2415,201,57.54224652087475,0.14449240492166254
pmsm,17,gaugeformer_v13,13,2416,2616,201,62.53727634194831,0.0036486568005352805
pmsm,17,gaugeformer_v13,14,2617,2817,201,67.53230616302187,0.002692175331152769
pmsm,17,gaugeformer_v13,15,2818,3018,201,72.52733598409543,0.039714089248297446
pmsm,17,gaugeformer_v13,16,3019,3219,201,77.52236580516899,0.047711694013625364
pmsm,17,gaugeformer_v13,17,3220,3420,201,82.51739562624255,0.07807658388141221
pmsm,17,gaugeformer_v13,18,3421,3621,201,87.5124254473161,0.16651218976223284
pmsm,17,gaugeformer_v13,19,3622,3822,201,92.50745526838966,0.050497791897683074
pmsm,17,gaugeformer_v13,20,3823,4023,201,97.50248508946322,0.1627425597601527
pmsm,29,moirai,1,0,201,202,2.5099403578528827,0.012670521759457452
pmsm,29,moirai,2,202,403,202,7.529821073558648,0.027966867464112494
pmsm,29,moirai,3,404,605,202,12.549701789264413,0.02326616474288742
pmsm,29,moirai,4,606,807,202,17.569582504970178,0.012936097551806514
pmsm,29,moirai,5,808,1008,201,22.57703777335984,0.013149251691320933
pmsm,29,moirai,6,1009,1209,201,27.5720675944334,0.007310550369960118
pmsm,29,moirai,7,1210,1410,201,32.56709741550696,0.006952424413875993
pmsm,29,moirai,8,1411,1611,201,37.562127236580515,0.010638007593033983
pmsm,29,moirai,9,1612,1812,201,42.557157057654074,0.018729018503936313
pmsm,29,moirai,10,1813,2013,201,47.55218687872763,0.022522779618151544
pmsm,29,moirai,11,2014,2214,201,52.54721669980119,0.07236793967296573
pmsm,29,moirai,12,2215,2415,201,57.54224652087475,0.14457410395467313
pmsm,29,moirai,13,2416,2616,201,62.53727634194831,0.0038787626205677626
pmsm,29,moirai,14,2617,2817,201,67.53230616302187,0.0024443187070234493
pmsm,29,moirai,15,2818,3018,201,72.52733598409543,0.03994710080762357
pmsm,29,moirai,16,3019,3219,201,77.52236580516899,0.04826384460564859
pmsm,29,moirai,17,3220,3420,201,82.51739562624255,0.07873228918680084
pmsm,29,moirai,18,3421,3621,201,87.5124254473161,0.16690761886798844
pmsm,29,moirai,19,3622,3822,201,92.50745526838966,0.051134740198441594
pmsm,29,moirai,20,3823,4023,201,97.50248508946322,0.163959041434575
pmsm,29,gaugeformer_v13,1,0,201,202,2.5099403578528827,0.012600201433268919
pmsm,29,gaugeformer_v13,2,202,403,202,7.529821073558648,0.026599916274679128
pmsm,29,gaugeformer_v13,3,404,605,202,12.549701789264413,0.022121665089118198
pmsm,29,gaugeformer_v13,4,606,807,202,17.569582504970178,0.01231898301574336
pmsm,29,gaugeformer_v13,5,808,1008,201,22.57703777335984,0.012865446861922328
pmsm,29,gaugeformer_v13,6,1009,1209,201,27.5720675944334,0.007284082689612011
pmsm,29,gaugeformer_v13,7,1210,1410,201,32.56709741550696,0.006873032622751164
pmsm,29,gaugeformer_v13,8,1411,1611,201,37.562127236580515,0.010483100196776026
pmsm,29,gaugeformer_v13,9,1612,1812,201,42.557157057654074,0.01863852723269986
pmsm,29,gaugeformer_v13,10,1813,2013,201,47.55218687872763,0.022326544723848277
pmsm,29,gaugeformer_v13,11,2014,2214,201,52.54721669980119,0.07254194957915203
pmsm,29,gaugeformer_v13,12,2215,2415,201,57.54224652087475,0.14442547972636768
pmsm,29,gaugeformer_v13,13,2416,2616,201,62.53727634194831,0.003612955955782451
pmsm,29,gaugeformer_v13,14,2617,2817,201,67.53230616302187,0.0027406824572281103
pmsm,29,gaugeformer_v13,15,2818,3018,201,72.52733598409543,0.03953238333498198
pmsm,29,gaugeformer_v13,16,3019,3219,201,77.52236580516899,0.047559971810015485
pmsm,29,gaugeformer_v13,17,3220,3420,201,82.51739562624255,0.0778077019444402
pmsm,29,gaugeformer_v13,18,3421,3621,201,87.5124254473161,0.16613863175543767
pmsm,29,gaugeformer_v13,19,3622,3822,201,92.50745526838966,0.05043055647702685
pmsm,29,gaugeformer_v13,20,3823,4023,201,97.50248508946322,0.16231914466099476
pmsm,43,moirai,1,0,201,202,2.5099403578528827,0.012608926724315305
pmsm,43,moirai,2,202,403,202,7.529821073558648,0.027917745850901808
pmsm,43,moirai,3,404,605,202,12.549701789264413,0.02316466516916537
pmsm,43,moirai,4,606,807,202,17.569582504970178,0.012948583765395955
pmsm,43,moirai,5,808,1008,201,22.57703777335984,0.013141259638287583
pmsm,43,moirai,6,1009,1209,201,27.5720675944334,0.007297066940743117
pmsm,43,moirai,7,1210,1410,201,32.56709741550696,0.006947798573557449
pmsm,43,moirai,8,1411,1611,201,37.562127236580515,0.01064000763357972
pmsm,43,moirai,9,1612,1812,201,42.557157057654074,0.018787288485129266
pmsm,43,moirai,10,1813,2013,201,47.55218687872763,0.02246892992006823
pmsm,43,moirai,11,2014,2214,201,52.54721669980119,0.07225199573889246
pmsm,43,moirai,12,2215,2415,201,57.54224652087475,0.14433514318386095
pmsm,43,moirai,13,2416,2616,201,62.53727634194831,0.003845503398041262
pmsm,43,moirai,14,2617,2817,201,67.53230616302187,0.00244792375738713
pmsm,43,moirai,15,2818,3018,201,72.52733598409543,0.04001327900212283
pmsm,43,moirai,16,3019,3219,201,77.52236580516899,0.048279228941127406
pmsm,43,moirai,17,3220,3420,201,82.51739562624255,0.07872683259689726
pmsm,43,moirai,18,3421,3621,201,87.5124254473161,0.16712602449869876
pmsm,43,moirai,19,3622,3822,201,92.50745526838966,0.05135047871870196
pmsm,43,moirai,20,3823,4023,201,97.50248508946322,0.16383736821849765
pmsm,43,gaugeformer_v13,1,0,201,202,2.5099403578528827,0.012473506438192549
pmsm,43,gaugeformer_v13,2,202,403,202,7.529821073558648,0.02662696230005978
pmsm,43,gaugeformer_v13,3,404,605,202,12.549701789264413,0.022019431228783633
pmsm,43,gaugeformer_v13,4,606,807,202,17.569582504970178,0.012328062995732284
pmsm,43,gaugeformer_v13,5,808,1008,201,22.57703777335984,0.01276236132262194
pmsm,43,gaugeformer_v13,6,1009,1209,201,27.5720675944334,0.007289435529167861
pmsm,43,gaugeformer_v13,7,1210,1410,201,32.56709741550696,0.006868495124949411
pmsm,43,gaugeformer_v13,8,1411,1611,201,37.562127236580515,0.010488035321275636
pmsm,43,gaugeformer_v13,9,1612,1812,201,42.557157057654074,0.018563629309298214
pmsm,43,gaugeformer_v13,10,1813,2013,201,47.55218687872763,0.02231970339265501
pmsm,43,gaugeformer_v13,11,2014,2214,201,52.54721669980119,0.07242884343553199
pmsm,43,gaugeformer_v13,12,2215,2415,201,57.54224652087475,0.14418182755831235
pmsm,43,gaugeformer_v13,13,2416,2616,201,62.53727634194831,0.0036349381826912604
pmsm,43,gaugeformer_v13,14,2617,2817,201,67.53230616302187,0.0027447041217890248
pmsm,43,gaugeformer_v13,15,2818,3018,201,72.52733598409543,0.039614499947004334
pmsm,43,gaugeformer_v13,16,3019,3219,201,77.52236580516899,0.047585155998279255
pmsm,43,gaugeformer_v13,17,3220,3420,201,82.51739562624255,0.0777787518112132
pmsm,43,gaugeformer_v13,18,3421,3621,201,87.5124254473161,0.16621095484444373
pmsm,43,gaugeformer_v13,19,3622,3822,201,92.50745526838966,0.05066955782430331
pmsm,43,gaugeformer_v13,20,3823,4023,201,97.50248508946322,0.16218925205857984
pmsm,71,moirai,1,0,201,202,2.5099403578528827,0.012635415397914719
pmsm,71,moirai,2,202,403,202,7.529821073558648,0.027860819488460992
pmsm,71,moirai,3,404,605,202,12.549701789264413,0.023294775485788944
pmsm,71,moirai,4,606,807,202,17.569582504970178,0.012923738090057176
pmsm,71,moirai,5,808,1008,201,22.57703777335984,0.0130821734683533
pmsm,71,moirai,6,1009,1209,201,27.5720675944334,0.0072952040037345236
pmsm,71,moirai,7,1210,1410,201,32.56709741550696,0.006975923065269922
pmsm,71,moirai,8,1411,1611,201,37.562127236580515,0.010657445165824914
pmsm,71,moirai,9,1612,1812,201,42.557157057654074,0.018728643871484492
pmsm,71,moirai,10,1813,2013,201,47.55218687872763,0.022513651378701986
pmsm,71,moirai,11,2014,2214,201,52.54721669980119,0.07227219523522403
pmsm,71,moirai,12,2215,2415,201,57.54224652087475,0.144367653045728
pmsm,71,moirai,13,2416,2616,201,62.53727634194831,0.003866270365779663
pmsm,71,moirai,14,2617,2817,201,67.53230616302187,0.0024435548666191078
pmsm,71,moirai,15,2818,3018,201,72.52733598409543,0.040146430425230056
pmsm,71,moirai,16,3019,3219,201,77.52236580516899,0.048352807626239926
pmsm,71,moirai,17,3220,3420,201,82.51739562624255,0.07884200549114345
pmsm,71,moirai,18,3421,3621,201,87.5124254473161,0.16696819826653678
pmsm,71,moirai,19,3622,3822,201,92.50745526838966,0.05127578532372044
pmsm,71,moirai,20,3823,4023,201,97.50248508946322,0.1641334823916105
pmsm,71,gaugeformer_v13,1,0,201,202,2.5099403578528827,0.012562143585207798
pmsm,71,gaugeformer_v13,2,202,403,202,7.529821073558648,0.02647468148712253
pmsm,71,gaugeformer_v13,3,404,605,202,12.549701789264413,0.02211795743509657
pmsm,71,gaugeformer_v13,4,606,807,202,17.569582504970178,0.012321964902504501
pmsm,71,gaugeformer_v13,5,808,1008,201,22.57703777335984,0.012662805607286231
pmsm,71,gaugeformer_v13,6,1009,1209,201,27.5720675944334,0.007400655493470086
pmsm,71,gaugeformer_v13,7,1210,1410,201,32.56709741550696,0.006950708091648309
pmsm,71,gaugeformer_v13,8,1411,1611,201,37.562127236580515,0.010557513560743732
pmsm,71,gaugeformer_v13,9,1612,1812,201,42.557157057654074,0.018433844742683954
pmsm,71,gaugeformer_v13,10,1813,2013,201,47.55218687872763,0.022313652043562286
pmsm,71,gaugeformer_v13,11,2014,2214,201,52.54721669980119,0.07245248243395166
pmsm,71,gaugeformer_v13,12,2215,2415,201,57.54224652087475,0.1442029308690798
pmsm,71,gaugeformer_v13,13,2416,2616,201,62.53727634194831,0.0036338561999257205
pmsm,71,gaugeformer_v13,14,2617,2817,201,67.53230616302187,0.0027431379941317744
pmsm,71,gaugeformer_v13,15,2818,3018,201,72.52733598409543,0.03970777068518314
pmsm,71,gaugeformer_v13,16,3019,3219,201,77.52236580516899,0.04767094125338225
pmsm,71,gaugeformer_v13,17,3220,3420,201,82.51739562624255,0.07800806973914105
pmsm,71,gaugeformer_v13,18,3421,3621,201,87.5124254473161,0.1661285556893294
pmsm,71,gaugeformer_v13,19,3622,3822,201,92.50745526838966,0.050599444226183524
pmsm,71,gaugeformer_v13,20,3823,4023,201,97.50248508946322,0.16238566112954397
pmsm,101,moirai,1,0,201,202,2.5099403578528827,0.012620534325734642
pmsm,101,moirai,2,202,403,202,7.529821073558648,0.02795992925471262
pmsm,101,moirai,3,404,605,202,12.549701789264413,0.02322558636191279
pmsm,101,moirai,4,606,807,202,17.569582504970178,0.012916659372785085
pmsm,101,moirai,5,808,1008,201,22.57703777335984,0.013125102134275356
pmsm,101,moirai,6,1009,1209,201,27.5720675944334,0.007301862891230488
pmsm,101,moirai,7,1210,1410,201,32.56709741550696,0.0069306362380183095
pmsm,101,moirai,8,1411,1611,201,37.562127236580515,0.010684490394777311
pmsm,101,moirai,9,1612,1812,201,42.557157057654074,0.018740617210807536
pmsm,101,moirai,10,1813,2013,201,47.55218687872763,0.022475239583094626
pmsm,101,moirai,11,2014,2214,201,52.54721669980119,0.07222722007587487
pmsm,101,moirai,12,2215,2415,201,57.54224652087475,0.14420025336459383
pmsm,101,moirai,13,2416,2616,201,62.53727634194831,0.003877025566053398
pmsm,101,moirai,14,2617,2817,201,67.53230616302187,0.002445945765141639
pmsm,101,moirai,15,2818,3018,201,72.52733598409543,0.04006915724129769
pmsm,101,moirai,16,3019,3219,201,77.52236580516899,0.048246908690764624
pmsm,101,moirai,17,3220,3420,201,82.51739562624255,0.07875074229449516
pmsm,101,moirai,18,3421,3621,201,87.5124254473161,0.16679160454153763
pmsm,101,moirai,19,3622,3822,201,92.50745526838966,0.05113829800272479
pmsm,101,moirai,20,3823,4023,201,97.50248508946322,0.16375975701344447
pmsm,101,gaugeformer_v13,1,0,201,202,2.5099403578528827,0.012500535365617203
pmsm,101,gaugeformer_v13,2,202,403,202,7.529821073558648,0.02654300624086947
pmsm,101,gaugeformer_v13,3,404,605,202,12.549701789264413,0.02208880960693022
pmsm,101,gaugeformer_v13,4,606,807,202,17.569582504970178,0.012313587729941263
pmsm,101,gaugeformer_v13,5,808,1008,201,22.57703777335984,0.012710343515520965
pmsm,101,gaugeformer_v13,6,1009,1209,201,27.5720675944334,0.007306326149423627
pmsm,101,gaugeformer_v13,7,1210,1410,201,32.56709741550696,0.0068466279610550455
pmsm,101,gaugeformer_v13,8,1411,1611,201,37.562127236580515,0.010524404495964113
pmsm,101,gaugeformer_v13,9,1612,1812,201,42.557157057654074,0.018651436204044365
pmsm,101,gaugeformer_v13,10,1813,2013,201,47.55218687872763,0.022282069236980815
pmsm,101,gaugeformer_v13,11,2014,2214,201,52.54721669980119,0.0724336310949684
pmsm,101,gaugeformer_v13,12,2215,2415,201,57.54224652087475,0.1440525372308314
pmsm,101,gaugeformer_v13,13,2416,2616,201,62.53727634194831,0.0035931514513698713
pmsm,101,gaugeformer_v13,14,2617,2817,201,67.53230616302187,0.0027014187056474404
pmsm,101,gaugeformer_v13,15,2818,3018,201,72.52733598409543,0.0396721876914087
pmsm,101,gaugeformer_v13,16,3019,3219,201,77.52236580516899,0.047563770481612255
pmsm,101,gaugeformer_v13,17,3220,3420,201,82.51739562624255,0.07793621675883795
pmsm,101,gaugeformer_v13,18,3421,3621,201,87.5124254473161,0.1659240890306058
pmsm,101,gaugeformer_v13,19,3622,3822,201,92.50745526838966,0.05045438705788389
pmsm,101,gaugeformer_v13,20,3823,4023,201,97.50248508946322,0.16204576048759228
steel_industry,17,moirai,1,0,14,15,2.6041666666666665,0.519592075450588
steel_industry,17,moirai,2,15,29,15,7.8125,0.5334695192117634
steel_industry,17,moirai,3,30,44,15,13.020833333333334,0.49075718168736243
steel_industry,17,moirai,4,45,59,15,18.229166666666668,0.5726266267244238
steel_industry,17,moirai,5,60,74,15,23.4375,0.4854783770313212
steel_industry,17,moirai,6,75,89,15,28.645833333333332,0.4703451523028045
steel_industry,17,moirai,7,90,104,15,33.854166666666664,0.5956716442225117
steel_industry,17,moirai,8,105,119,15,39.0625,0.5371276367372069
steel_industry,17,moirai,9,120,133,14,44.09722222222222,0.5016088292960338
steel_industry,17,moirai,10,134,147,14,48.958333333333336,0.44256302555597693
steel_industry,17,moirai,11,148,161,14,53.81944444444444,0.4250032521317358
steel_industry,17,moirai,12,162,175,14,58.68055555555556,0.4208071646452103
steel_industry,17,moirai,13,176,189,14,63.541666666666664,0.44031370940129344
steel_industry,17,moirai,14,190,203,14,68.40277777777777,0.437257565175296
steel_industry,17,moirai,15,204,217,14,73.26388888888889,0.4257345850737629
steel_industry,17,moirai,16,218,231,14,78.125,0.47205255819741904
steel_industry,17,moirai,17,232,245,14,82.98611111111111,0.503852741719834
steel_industry,17,moirai,18,246,259,14,87.84722222222223,0.39135160218498044
steel_industry,17,moirai,19,260,273,14,92.70833333333333,0.37077161891385163
steel_industry,17,moirai,20,274,287,14,97.56944444444444,0.38415137964460927
steel_industry,17,gaugeformer_v13,1,0,14,15,2.6041666666666665,0.519592075450588
steel_industry,17,gaugeformer_v13,2,15,29,15,7.8125,0.547827748441623
steel_industry,17,gaugeformer_v13,3,30,44,15,13.020833333333334,0.48162897343142536
steel_industry,17,gaugeformer_v13,4,45,59,15,18.229166666666668,0.580994762115693
steel_industry,17,gaugeformer_v13,5,60,74,15,23.4375,0.4917865079407869
steel_industry,17,gaugeformer_v13,6,75,89,15,28.645833333333332,0.4620903703896046
steel_industry,17,gaugeformer_v13,7,90,104,15,33.854166666666664,0.5906549789335357
steel_industry,17,gaugeformer_v13,8,105,119,15,39.0625,0.5367523969441458
steel_industry,17,gaugeformer_v13,9,120,133,14,44.09722222222222,0.49333020157194
steel_industry,17,gaugeformer_v13,10,134,147,14,48.958333333333336,0.42869160470179807
steel_industry,17,gaugeformer_v13,11,148,161,14,53.81944444444444,0.42285248615818594
steel_industry,17,gaugeformer_v13,12,162,175,14,58.68055555555556,0.4226340858039703
steel_industry,17,gaugeformer_v13,13,176,189,14,63.541666666666664,0.43495417961040733
steel_industry,17,gaugeformer_v13,14,190,203,14,68.40277777777777,0.43524952752982043
steel_industry,17,gaugeformer_v13,15,204,217,14,73.26388888888889,0.4170655146141676
steel_industry,17,gaugeformer_v13,16,218,231,14,78.125,0.4618026090539732
steel_industry,17,gaugeformer_v13,17,232,245,14,82.98611111111111,0.4927836428953676
steel_industry,17,gaugeformer_v13,18,246,259,14,87.84722222222223,0.39154104667037665
steel_industry,17,gaugeformer_v13,19,260,273,14,92.70833333333333,0.3692312398976116
steel_industry,17,gaugeformer_v13,20,274,287,14,97.56944444444444,0.38349605629583605
steel_industry,29,moirai,1,0,14,15,2.6041666666666665,0.5178370541508901
steel_industry,29,moirai,2,15,29,15,7.8125,0.5344625829649459
steel_industry,29,moirai,3,30,44,15,13.020833333333334,0.4900929346694129
steel_industry,29,moirai,4,45,59,15,18.229166666666668,0.5727696897316851
steel_industry,29,moirai,5,60,74,15,23.4375,0.4872529587486329
steel_industry,29,moirai,6,75,89,15,28.645833333333332,0.469217582199699
steel_industry,29,moirai,7,90,104,15,33.854166666666664,0.5943439342310439
steel_industry,29,moirai,8,105,119,15,39.0625,0.5368127492395088
steel_industry,29,moirai,9,120,133,14,44.09722222222222,0.50170989436586
steel_industry,29,moirai,10,134,147,14,48.958333333333336,0.44080991518619855
steel_industry,29,moirai,11,148,161,14,53.81944444444444,0.4262001308382904
steel_industry,29,moirai,12,162,175,14,58.68055555555556,0.4165964081046812
steel_industry,29,moirai,13,176,189,14,63.541666666666664,0.44032168354402756
steel_industry,29,moirai,14,190,203,14,68.40277777777777,0.4358843896123152
steel_industry,29,moirai,15,204,217,14,73.26388888888889,0.42436031422615916
steel_industry,29,moirai,16,218,231,14,78.125,0.47180814155753487
steel_industry,29,moirai,17,232,245,14,82.98611111111111,0.5022136396381042
steel_industry,29,moirai,18,246,259,14,87.84722222222223,0.39065221811211825
steel_industry,29,moirai,19,260,273,14,92.70833333333333,0.3702371284923488
steel_industry,29,moirai,20,274,287,14,97.56944444444444,0.38323271270813775
steel_industry,29,gaugeformer_v13,1,0,14,15,2.6041666666666665,0.5178370541508901
steel_industry,29,gaugeformer_v13,2,15,29,15,7.8125,0.5508036941575924
steel_industry,29,gaugeformer_v13,3,30,44,15,13.020833333333334,0.48163155034204175
steel_industry,29,gaugeformer_v13,4,45,59,15,18.229166666666668,0.5821325317221775
steel_industry,29,gaugeformer_v13,5,60,74,15,23.4375,0.49183079814179426
steel_industry,29,gaugeformer_v13,6,75,89,15,28.645833333333332,0.46131862372671306
steel_industry,29,gaugeformer_v13,7,90,104,15,33.854166666666664,0.5898201179388098
steel_industry,29,gaugeformer_v13,8,105,119,15,39.0625,0.53672524171804
steel_industry,29,gaugeformer_v13,9,120,133,14,44.09722222222222,0.49293785737144974
steel_industry,29,gaugeformer_v13,10,134,147,14,48.958333333333336,0.428158460150792
steel_industry,29,gaugeformer_v13,11,148,161,14,53.81944444444444,0.4234639621284327
steel_industry,29,gaugeformer_v13,12,162,175,14,58.68055555555556,0.4199975299753887
steel_industry,29,gaugeformer_v13,13,176,189,14,63.541666666666664,0.43525401541824094
steel_industry,29,gaugeformer_v13,14,190,203,14,68.40277777777777,0.4340453981244329
steel_industry,29,gaugeformer_v13,15,204,217,14,73.26388888888889,0.4159839148868291
steel_industry,29,gaugeformer_v13,16,218,231,14,78.125,0.4645487911276716
steel_industry,29,gaugeformer_v13,17,232,245,14,82.98611111111111,0.49331440117173764
steel_industry,29,gaugeformer_v13,18,246,259,14,87.84722222222223,0.3917959129888957
steel_industry,29,gaugeformer_v13,19,260,273,14,92.70833333333333,0.3692982919592438
steel_industry,29,gaugeformer_v13,20,274,287,14,97.56944444444444,0.3821059216885632
steel_industry,43,moirai,1,0,14,15,2.6041666666666665,0.519070017238624
steel_industry,43,moirai,2,15,29,15,7.8125,0.5326033562480571
steel_industry,43,moirai,3,30,44,15,13.020833333333334,0.4901262508452241
steel_industry,43,moirai,4,45,59,15,18.229166666666668,0.5730883823468987
steel_industry,43,moirai,5,60,74,15,23.4375,0.48628069138036484
steel_industry,43,moirai,6,75,89,15,28.645833333333332,0.4685589816397259
steel_industry,43,moirai,7,90,104,15,33.854166666666664,0.5963463186128294
steel_industry,43,moirai,8,105,119,15,39.0625,0.5382849950228845
steel_industry,43,moirai,9,120,133,14,44.09722222222222,0.5053890379065586
steel_industry,43,moirai,10,134,147,14,48.958333333333336,0.44388857265908455
steel_industry,43,moirai,11,148,161,14,53.81944444444444,0.423702908888322
steel_industry,43,moirai,12,162,175,14,58.68055555555556,0.41928062090479945
steel_industry,43,moirai,13,176,189,14,63.541666666666664,0.4399495888334543
steel_industry,43,moirai,14,190,203,14,68.40277777777777,0.43607078524668724
steel_industry,43,moirai,15,204,217,14,73.26388888888889,0.42647136863940804
steel_industry,43,moirai,16,218,231,14,78.125,0.4693034411693775
steel_industry,43,moirai,17,232,245,14,82.98611111111111,0.4965692365882402
steel_industry,43,moirai,18,246,259,14,87.84722222222223,0.3925774329457886
steel_industry,43,moirai,19,260,273,14,92.70833333333333,0.3700820040523796
steel_industry,43,moirai,20,274,287,14,97.56944444444444,0.38754213548222327
steel_industry,43,gaugeformer_v13,1,0,14,15,2.6041666666666665,0.519070017238624
steel_industry,43,gaugeformer_v13,2,15,29,15,7.8125,0.5501637899475573
steel_industry,43,gaugeformer_v13,3,30,44,15,13.020833333333334,0.48090402950414574
steel_industry,43,gaugeformer_v13,4,45,59,15,18.229166666666668,0.581356938453352
steel_industry,43,gaugeformer_v13,5,60,74,15,23.4375,0.4923242728336277
steel_industry,43,gaugeformer_v13,6,75,89,15,28.645833333333332,0.46122759060796337
steel_industry,43,gaugeformer_v13,7,90,104,15,33.854166666666664,0.591290529506633
steel_industry,43,gaugeformer_v13,8,105,119,15,39.0625,0.5374686125545106
steel_industry,43,gaugeformer_v13,9,120,133,14,44.09722222222222,0.4949273098452413
steel_industry,43,gaugeformer_v13,10,134,147,14,48.958333333333336,0.43086293243580415
steel_industry,43,gaugeformer_v13,11,148,161,14,53.81944444444444,0.42235752743149046
steel_industry,43,gaugeformer_v13,12,162,175,14,58.68055555555556,0.4219189330835774
steel_industry,43,gaugeformer_v13,13,176,189,14,63.541666666666664,0.4349394398745487
steel_industry,43,gaugeformer_v13,14,190,203,14,68.40277777777777,0.43323948141138735
steel_industry,43,gaugeformer_v13,15,204,217,14,73.26388888888889,0.4173660268862443
steel_industry,43,gaugeformer_v13,16,218,231,14,78.125,0.4619274012191756
steel_industry,43,gaugeformer_v13,17,232,245,14,82.98611111111111,0.48887627332092404
steel_industry,43,gaugeformer_v13,18,246,259,14,87.84722222222223,0.39332175998033997
steel_industry,43,gaugeformer_v13,19,260,273,14,92.70833333333333,0.369488478662116
steel_industry,43,gaugeformer_v13,20,274,287,14,97.56944444444444,0.38582829376727706
steel_industry,71,moirai,1,0,14,15,2.6041666666666665,0.5193851125758092
steel_industry,71,moirai,2,15,29,15,7.8125,0.5331333976307325
steel_industry,71,moirai,3,30,44,15,13.020833333333334,0.48829628828867294
steel_industry,71,moirai,4,45,59,15,18.229166666666668,0.5726022415042051
steel_industry,71,moirai,5,60,74,15,23.4375,0.48388136149549693
steel_industry,71,moirai,6,75,89,15,28.645833333333332,0.47174254012470435
steel_industry,71,moirai,7,90,104,15,33.854166666666664,0.5982861377939774
steel_industry,71,moirai,8,105,119,15,39.0625,0.5382486697253107
steel_industry,71,moirai,9,120,133,14,44.09722222222222,0.5006450124942843
steel_industry,71,moirai,10,134,147,14,48.958333333333336,0.4387516654612785
steel_industry,71,moirai,11,148,161,14,53.81944444444444,0.42349809812667744
steel_industry,71,moirai,12,162,175,14,58.68055555555556,0.4212205921802273
steel_industry,71,moirai,13,176,189,14,63.541666666666664,0.4439985618243324
steel_industry,71,moirai,14,190,203,14,68.40277777777777,0.4360680808763484
steel_industry,71,moirai,15,204,217,14,73.26388888888889,0.42464067175864784
steel_industry,71,moirai,16,218,231,14,78.125,0.4715754586110875
steel_industry,71,moirai,17,232,245,14,82.98611111111111,0.5026078870847118
steel_industry,71,moirai,18,246,259,14,87.84722222222223,0.3878957198877128
steel_industry,71,moirai,19,260,273,14,92.70833333333333,0.36805690816966535
steel_industry,71,moirai,20,274,287,14,97.56944444444444,0.3848405895746259
steel_industry,71,gaugeformer_v13,1,0,14,15,2.6041666666666665,0.5193851125758092
steel_industry,71,gaugeformer_v13,2,15,29,15,7.8125,0.5512190865557198
steel_industry,71,gaugeformer_v13,3,30,44,15,13.020833333333334,0.4814052359429495
steel_industry,71,gaugeformer_v13,4,45,59,15,18.229166666666668,0.5823285678760743
steel_industry,71,gaugeformer_v13,5,60,74,15,23.4375,0.4908154971588323
steel_industry,71,gaugeformer_v13,6,75,89,15,28.645833333333332,0.46278658252340565
steel_industry,71,gaugeformer_v13,7,90,104,15,33.854166666666664,0.5917424338413891
steel_industry,71,gaugeformer_v13,8,105,119,15,39.0625,0.5371938492876193
steel_industry,71,gaugeformer_v13,9,120,133,14,44.09722222222222,0.49261646846988977
steel_industry,71,gaugeformer_v13,10,134,147,14,48.958333333333336,0.42482939168001055
steel_industry,71,gaugeformer_v13,11,148,161,14,53.81944444444444,0.4221392184579954
steel_industry,71,gaugeformer_v13,12,162,175,14,58.68055555555556,0.4132495424847534
steel_industry,71,gaugeformer_v13,13,176,189,14,63.541666666666664,0.43706084958906666
steel_industry,71,gaugeformer_v13,14,190,203,14,68.40277777777777,0.43372404101335676
steel_industry,71,gaugeformer_v13,15,204,217,14,73.26388888888889,0.41663975033335326
steel_industry,71,gaugeformer_v13,16,218,231,14,78.125,0.4585460537409034
steel_industry,71,gaugeformer_v13,17,232,245,14,82.98611111111111,0.49658371081422825
steel_industry,71,gaugeformer_v13,18,246,259,14,87.84722222222223,0.3896139605631313
steel_industry,71,gaugeformer_v13,19,260,273,14,92.70833333333333,0.3673478162833481
steel_industry,71,gaugeformer_v13,20,274,287,14,97.56944444444444,0.38402396929141064
steel_industry,101,moirai,1,0,14,15,2.6041666666666665,0.5170278551313662
steel_industry,101,moirai,2,15,29,15,7.8125,0.5339797256004033
steel_industry,101,moirai,3,30,44,15,13.020833333333334,0.48909581546974157
steel_industry,101,moirai,4,45,59,15,18.229166666666668,0.5736642603475669
steel_industry,101,moirai,5,60,74,15,23.4375,0.48487826046606186
steel_industry,101,moirai,6,75,89,15,28.645833333333332,0.46588899157781544
steel_industry,101,moirai,7,90,104,15,33.854166666666664,0.5976729736394103
steel_industry,101,moirai,8,105,119,15,39.0625,0.5368162837732713
steel_industry,101,moirai,9,120,133,14,44.09722222222222,0.503911124423773
steel_industry,101,moirai,10,134,147,14,48.958333333333336,0.43952848808288664
steel_industry,101,moirai,11,148,161,14,53.81944444444444,0.4248202920933999
steel_industry,101,moirai,12,162,175,14,58.68055555555556,0.4193696920713103
steel_industry,101,moirai,13,176,189,14,63.541666666666664,0.44069424471429386
steel_industry,101,moirai,14,190,203,14,68.40277777777777,0.4361751215081218
steel_industry,101,moirai,15,204,217,14,73.26388888888889,0.42386864077948044
steel_industry,101,moirai,16,218,231,14,78.125,0.47557365489356185
steel_industry,101,moirai,17,232,245,14,82.98611111111111,0.5030460691447185
steel_industry,101,moirai,18,246,259,14,87.84722222222223,0.38715814095825124
steel_industry,101,moirai,19,260,273,14,92.70833333333333,0.37090153181961966
steel_industry,101,moirai,20,274,287,14,97.56944444444444,0.384091816321183
steel_industry,101,gaugeformer_v13,1,0,14,15,2.6041666666666665,0.5170278551313662
steel_industry,101,gaugeformer_v13,2,15,29,15,7.8125,0.5480397015482179
steel_industry,101,gaugeformer_v13,3,30,44,15,13.020833333333334,0.48083749297923406
steel_industry,101,gaugeformer_v13,4,45,59,15,18.229166666666668,0.5826044764355985
steel_industry,101,gaugeformer_v13,5,60,74,15,23.4375,0.49123434720330444
steel_industry,101,gaugeformer_v13,6,75,89,15,28.645833333333332,0.45993770847942483
steel_industry,101,gaugeformer_v13,7,90,104,15,33.854166666666664,0.5916348391007765
steel_industry,101,gaugeformer_v13,8,105,119,15,39.0625,0.5360396055888715
steel_industry,101,gaugeformer_v13,9,120,133,14,44.09722222222222,0.4941141890914398
steel_industry,101,gaugeformer_v13,10,134,147,14,48.958333333333336,0.42520651229323303
steel_industry,101,gaugeformer_v13,11,148,161,14,53.81944444444444,0.4228670024880468
steel_industry,101,gaugeformer_v13,12,162,175,14,58.68055555555556,0.4120056306180614
steel_industry,101,gaugeformer_v13,13,176,189,14,63.541666666666664,0.43514689663881245
steel_industry,101,gaugeformer_v13,14,190,203,14,68.40277777777777,0.4337752675569595
steel_industry,101,gaugeformer_v13,15,204,217,14,73.26388888888889,0.4162414326439374
steel_industry,101,gaugeformer_v13,16,218,231,14,78.125,0.46004204452342196
steel_industry,101,gaugeformer_v13,17,232,245,14,82.98611111111111,0.496289411338121
steel_industry,101,gaugeformer_v13,18,246,259,14,87.84722222222223,0.3895041010538295
steel_industry,101,gaugeformer_v13,19,260,273,14,92.70833333333333,0.37012475914175924
steel_industry,101,gaugeformer_v13,20,274,287,14,97.56944444444444,0.38295507017190683
